铁路工程劳务分包/专业分包指导价												
项	序号	编号	细目名称	单位	指导价（元）		费用组成（采用反向描述的方式，列举出所有甲方承担的费用，除此以外的全部费用由乙方承担，费用包含在单价中）				计量规则	工作内容
					单价	调价	甲方提供材料及限额损耗率	甲方提供的周转材料	甲方提供的机械、设备费	施工措施等其它费用		
一			路基工程									
	01		土方									
		001	清除表土及原地面压实	m2	1.2	/	甲方不提供材料,代乙方采购柴油等，从乙方计价中扣除，发票归甲方	/	/	甲方提供施工主便道；甲方提供安全等标识标牌；甲方负责控制测量、试验、检测，但乙方须人工、机械配合；甲方提供取、弃土场，但不负责其堆放、整理	按设计图示路基断面宽度及清表长度之乘积计算，路基挖方地段不计	场地清理，砍树挖根，放边界线，推土机(挖掘机）推/挖表土，将表土移出甲方指定地点，原地面平整、压路机压实原地面至设计要求等全部工作内容
		002	人工挖排水沟土方	m3	20.0	/					按设计图示开挖断面尺寸计算	挖土、抛土、修整成型、弃土短距离运输（不超过1km）等全部工作内容
		003	挖掘机挖装土、自卸汽车运1km，弃土场整理	m3	6.0	柴油0.35kg					按实际测量方量计量，但不超过设计量	挖掘机就位、开挖工作面、挖、装、运、卸、空回、修整边坡、清理工作面、弃土场整理等全部工作内容
		004	自卸汽车运土、每增运0.5km	m3	0.6	柴油0.1kg					方量计算同上，运距按现场实测运距计算（小于0.2Km不计列，超过0.3Km按0.5Km计算）	运、卸土，空回等全部工作内容
		005	土方填筑	m3	4.5	柴油0.2kg					按实际完成的设计断面净体积计量。宽填、沉降量回填不计价；路基填方总量对下计价不得大于设计量。	原地面平整、分层均平、压实、修整路堤边坡及路面，取水洒水，路基边坡流水槽修筑等全部工作内容
		006	路基填筑(借土)挖、装、运1km、碾压	m3	10.5	柴油0.55kg						挖掘机就位，开辟工作面，填料挖、装、运、卸、空回，料场清理工作面、边坡修整，填料破碎解小，分层整平，翻晒，取水洒水，碾压，精平，路基边坡修整等全部工作内容
		007	挖掘机挖装淤泥、自卸汽车运1km，弃土场整理	m3	13.0	柴油0.55kg					以实际测量的数量计算	挖掘机挖装淤泥，自卸汽车运、弃至弃土场，清淤后水塘底处理，弃土场整理等全部工作内容
		008	淤泥每增运1km	m3	1.4	柴油0.2kg					按实测增运公里数计算	运、卸土，空回等全部工作内容
	02		石方									
		001	石方爆破	m3	9.5	炸药0.2kg	代乙方采购爆破材料、柴油等，从乙方计价中扣除，发票归甲方	/	/	甲方负责建炸药库；甲方提供施工主便道；甲方提供安全等标识标牌；甲方负责控制测量、试验、检测，但乙方须人工、机械配合；甲方提供取、弃土场，但不负责其堆放、整理。	按实际测量方量计量，但不超过设计量；无需爆破、可直接开挖的石方不计价。	开工作面、收放皮管、换钻杆钻头，钻机就位、选炮位、钻眼、清眼、装药、填塞，安全警戒、引爆及检查结果，排险、撬落、撬移、解小、清理等全部工作内容
		002	石方挖装、自卸汽车运1km，弃土场整理	m3	7.5	柴油0.45kg					按实际测量方量计量，但不超过设计量	挖掘机就位、开工作面、挖、装、运、卸、空回、修整边坡、检底、清理工作面、弃土场整理等全部工作内容
		003	自卸汽车增运石方、每增运0.5km	m3	0.7	柴油0.1kg					按设计断面方计量	运、卸土，空回等全部工作内容
		004	石方填筑	m3	5.0	柴油0.2kg					按设计图示压实断面方计算	机械整平石方、人工解小并摊平，碾压、洒水等全部工作内容
	03		级配碎石及改良土									
		001	基床填筑级配碎石	m3	4.5	/	甲方提供级配碎石	/	/	甲方提供施工主便道；甲方提供安全等标识标牌；甲方负责控制测量、试验、检测，但乙方须人工、机械配合；甲方提供取、弃土场，但不负责其堆放、整理	按照设计图示压实断面尺寸计算	分层摊平，压实，精平，修整边坡，取水洒水，养护等全部工作内容
		002	过渡段填筑级配碎石	m3	7.0	/		/	/		按照设计图示压实断面尺寸计算	分层摊平，压实，精平，修整边坡，取水洒水，养护等全部工作内容
		003	级配碎石运输	m3*km	1.0	/		/	/		按照实际里程和对应的压实方量计算	运、卸土，空回等全部工作内容
		004	填筑水泥改良土（厂拌，运1KM）	m3	12.5	/	甲方提供水泥，损耗率0%	/	/		按照设计图示压实断面尺寸计算	集中拌和、运输；分层摊平，压实，精平，修整边坡，取水洒水，养护等全部工作内容
		005	填筑水泥改良土（路拌机路拌，运1KM）	m3	13.0	/		/	/		按照设计图示压实断面尺寸计算	土源挖、装、运、堆码；现场机械拌和；分层摊平，压实，精平，修整边坡，取水洒水，养护等全部工作内容
		006	填筑石灰改良土（厂拌，运1KM）	m3	12.5	/	甲方提供石灰，损耗率0%	/	/		按照设计图示压实断面尺寸计算	灰消解、焖灰、取水洒水、集中拌和、运输；分层摊平，压实，精平，修整边坡，养护等全部工作内容
		007	填筑石灰改良土（路拌机路拌，运1KM）	m3	13.0	/		/	/		按照设计图示压实断面尺寸计算	土源挖、装、运、堆码；石灰消解、焖灰、取水洒水、现场机械拌和；分层摊平，压实，精平，修整边坡，养护等全部工作内容
		008	填筑水泥卵砾石（厂拌，，运1KM）	m3	9.0	/	甲方提供水泥，损耗率0%；提供卵砾石资源。	/	/		按照设计图示压实断面尺寸计算	现场机械拌和；分层摊平，压实，精平，修整边坡，取水洒水，养护等全部工作内容
		009	填筑水泥卵砾石（路拌机路拌，运1KM）	m3	13.0	/		/	/		按照设计图示压实断面尺寸计算	卵砾石挖、装、运、堆码；现场机械拌和；分层摊平，压实，精平，修整边坡，取水洒水，养护等全部工作内容
		010	水泥改良土、石灰改良土、水泥卵砾石增运	m3*km	1.2	/	/	/	/		按照设计图示压实断面尺寸计算	运、卸土，空回等全部工作内容
		011	砂垫层	m3	5.0	/	甲方提供砂至现场	/	/		按照设计图示尺寸计算	铺筑，整平，碾压等全部工作内容
		012	碎(砾)石垫层	m3	5.0	/	甲方提供碎(砾)石至现场	/	/		按照设计图示尺寸计算	铺筑，整平，分层碾压等全部工作内容
		013	土工布	m2	0.8	/	甲方提供土工布，损耗率1%	/	/		按设计图示长宽计算	清理整平路基，挖填锚固沟，铺设土工布，缝合及锚固土工布，场内取运料等全部工作内容
		014	土工格栅	m2	0.8	/	甲方提供土工格栅，损耗率1%	/	/		按设计图示长宽计算	清理整平路基，铺设土工格栅，固定土工格栅，场内取运料等全部工作内容
		015	复合土工膜	m2	0.8	/	甲方提供复合土工膜，损耗率1%	/	/		按设计图示铺设面积计算	基底清理整平；锚固沟挖填；复合土工膜铺设等全部工作内容
		016	堆载预压1km内	m3	7.0	柴油0.4kg	/	/	/		按照设计图示尺寸计算	挖排水沟，挖运1KM以内、推平、填筑堆载土方，过程修整，清理工作面等全部工作内容
		017	预压土卸载1km内	m3	6.0	柴油0.35kg	/	/	/		按照现场实际完成合格工程量计算	预压期满后将土方挖、装、运外弃（运距1km内），弃土场整理，土工布清理，面层整平碾压，过程修整，清理工作面等全部工作内容
		018	A、B类填料	m3	5.0	/	提供A、B料至现场	/	/		按设计图示压实断面方计算	拌合、分层摊铺、平整、洒水、压实、路基及边坡修整、路基成型、施工防排水等全部工作内容
	04		路基附属									
		001	框架锚杆施工	m	70.0	/	甲方提供锚杆、损耗率1%以内；灌浆材料	/	/	甲方提供施工主便道；甲方提供安全等标识标牌；甲方负责控制测量、试验、检测，但乙方须人工、机械配合	按照实际施工长度计算	搭、拆脚手架及平台，钻孔、灌浆、安装锚杆，封锚等全部工作内容
		002	框架梁砼	m3	450.0	/	甲方提供砼、损耗率1%以内	/	/		按照设计图示尺寸计算	备料,施作找平层，挖槽，模板及支撑制安、拆，砼水平及垂直内运输、浇注、捣固、养护等全部工作内容
		003	框架梁钢筋制安	t	550.0	/	甲方提供钢筋、损耗率1%以内	/	/		按设计或变更设计图纸的净长、规格换算的重量进行计量，所有搭接、下脚料、定位钢筋、预埋件及冷却管均不予计量。钢筋边脚料所有权归甲方。	钢筋去污除锈、制作、绑扎、焊接并经验收合格,制作安装保护层水泥垫块等全部工作内容
		004	预应力锚索φ≤49mm	m	35.0	/	甲方提供锚索、锚具，损耗率0%；混凝土，损耗率1%	/	/		按设计图示尺寸以米计算	脚手架搭拆；钻孔、清孔；锚索、锚具制安；砂浆配料(含外加剂)、拌制、锚固段注浆；锚墩混凝土浇筑；锚索张拉，张拉段注浆，锚头封闭防护；防腐处理等全部工作内容
		005	预应力锚索49＜φ＜130mm	m	85.0	/	甲方提供锚索、锚具，损耗率0%；混凝土，损耗率1%	/	/		按设计图示尺寸以米计算	脚手架搭拆；钻孔、清孔；锚索、锚具制安；砂浆配料(含外加剂)、拌制、锚固段注浆；锚墩混凝土浇筑；锚索张拉，张拉段注浆，锚头封闭防护；防腐处理等全部工作内容
		006	预应力锚索φ≥130mm	m	130.0	/	甲方提供锚索、锚具，损耗率0%；混凝土，损耗率1%	/	/		按设计图示尺寸以米计算	脚手架搭拆；钻孔、清孔；锚索、锚具制安；砂浆配料(含外加剂)、拌制、锚固段注浆；锚墩混凝土浇筑；锚索张拉，张拉段注浆，锚头封闭防护；防腐处理等全部工作内容
		007	桩板墙预制板预制	m3	180.0	/	甲方提供砼、损耗率1%以内	/	/		按照设计图示尺寸计算	模具安装、拆除、维护，砼浇注、振动、养护，成品堆码等全部工作内容
		008	预制板钢筋制安	t	500.0	/	甲方提供钢筋、损耗率1%以内	/	/		按实际安设的钢筋长度计算，搭接长度不计	清除油渍、漆污、调直、除锈、切断、弯曲、捆束、堆放、焊接及绑接；划线、配料、绑扎、检查、校正；工地内运输等全部工作内容
		009	桩板墙预制板运输安装	m3	120.0	/	/	/	/		按照设计图示尺寸计算	构件运输至现场，安装场地整理，铺装，勾缝等全部工作内容
		010	锚固桩人工挖孔（土层）	m3	180.0	/	甲方提供钢筋、砼、损耗率1%以内；护壁材料甲方不提供	/	/		按技术交底尺寸计算	装、拆、移绞车，人工开挖土层及人工配合风镐开挖岩层，渣土垂直运输、出渣、成孔并量测孔深；制安拆护壁模板、人工运料、机械拌制护壁砼、护壁砼运送、浇注、养护、护壁钢筋制作绑扎以及制作防护用井盖及护栏,破除护壁混凝土，桩身灌注砼等全部工作内容，弃渣场内倒运等全部工作内容
		011	锚固桩人工挖孔（岩层）	m3	300.0	/	甲方提供钢筋、砼、损耗率1%以内，代购火工材料；护壁材料甲方不提供	/	/		按技术交底尺寸计算	装、拆、移绞车，人工开挖土层及人工配合风镐开挖岩层，渣土垂直运输、出渣、成孔并量测孔深；制安拆护壁模板、人工运料、机械拌制护壁砼、护壁砼运送、浇注、养护、护壁钢筋制作绑扎以及制作防护用井盖及护栏,破除护壁混凝土，桩身灌注砼等全部工作内容，弃渣场内倒运等全部工作内容
		012	锚固桩桩身钢筋制安	t	500.0	/	甲方提供钢筋、损耗率1%以内	/	/		按设计量计算	清除油渍、漆污、调直、除锈、切断、弯曲、捆束、堆放、焊接及绑接；划线、配料、绑扎、检查、校正等全部工作内容
		013	浆砌片石护脚（含人工开土槽）	m3	239.065	片石1.15m3，砂浆0.35m3	/	/	/		按现场实际完成合格工程量计量	人工开挖土槽，并运至工作面外30m，修整边坡及沟槽底面清理，拌、运砂浆，选、修、运、破碎石料，搭、移跳板，砌筑、勾缝、养生等全部工作内容
		014	路堤浆砌片石骨架（含人工开土槽）	m3	319.065	片石1.15m3，砂浆0.35m3	/	/	/		按现场实际完成合格工程量计量	人工开挖土槽，并运至工作面外30m，修整边坡及沟槽底面清理，拌、运砂浆，选、修、运、破碎石料，搭、移跳板，砌筑、勾缝、养生等全部工作内容
		015	路堑浆砌片石骨架（含人工开土槽）	m3	329.065	片石1.15m3，砂浆0.35m3	/	/	/		按现场实际完成合格工程量计量	人工开挖土槽，并运至工作面外30m，修整边坡及沟槽底面清理，拌、运砂浆，选、修、运、破碎石料，搭、移跳板，砌筑、勾缝、养生等全部工作内容
		016	干砌片石边坡	m3	150.5	片石1.15m3	/	/	/		按设计图示尺寸计算	选、修石料，搭、移跳板，砌筑、勾缝、养生、材料倒运等全部工作内容
		017	浆砌片石边坡	m3	269.065	片石1.15m3，砂浆0.35m3	/	/	/		按设计图示尺寸计算	拌、运砂浆，选、修石料，搭、移跳板，砌筑、勾缝、养生、材料倒运等全部工作内容
		018	挡土墙片石混凝土	m3	120.0	/	甲方提供砼、损耗率1%以内；片石	/	/		按设计图示尺寸计算实砌体积	备料；模板及支撑制作、安装、拆除；混凝土配运料，拌和、运输、浇筑（掺片石）、捣固、养生；搭、拆脚手架等全部工作内容
		019	挡土墙浆砌石	m3	244.065	片石1.15m3，砂浆0.35m3	/	/	/		按设计图示尺寸计算实砌体积	选、修石料；拌、运砂浆；搭、拆脚手架；砌筑、勾缝，养生；沉降缝胶泥制作与填抹；排水空下的胶泥铺设与孔口填石、材料转运等全部工作内容
		020	挡土墙混凝土	m3	60.0	/	甲方提供砼、损耗率1%以内	/	/		按设计图示尺寸计算实砌体积	备料；模板及支撑制作、安装、拆除；混凝土配运料，拌和、运输、浇筑、捣固、养生；搭、拆脚手架等全部工作内容
		021	挡土墙混凝土	m3	125.0	/	甲方提供砼、损耗率1%以内	/	/		按设计图示尺寸计算实砌体积	备料；模板及支撑制作、安装、拆除；混凝土配运料，拌和、运输、浇筑、捣固、养生；搭、拆脚手架等全部工作内容
		022	路基电缆槽预制	m3	270.0	/	甲方提供砼、钢筋、损耗率均在1%以内	/	/		按现场实际完成合格工程量计量	模具安装、拆除、维护，钢筋下料、加工、绑扎、安装，砼浇注、振动、养护，成品堆码场地内材料运输等全部工作内容
		023	路基电缆槽钢筋制安	t	550.0		甲方提供钢筋、损耗率1%以内	/	/		按实际安设的钢筋长度计算，搭接长度不计	清除油渍、漆污、调直、除锈、切断、弯曲、捆束、堆放、焊接及绑接；划线、配料、绑扎、检查、校正；工地内运输等全部工作内容
		024	路基电缆槽运输安装（含运距5km）	m3	160.0	/	/	/	/		按现场实际完成合格工程量计量	运输、安装电缆槽，回填沟槽，夯填等全部工作内容
		025	水沟盖板预制（500*500mm）	m3	240.0	/	甲方提供砼、损耗率1%以内	/	/		按现场实际完成合格工程量计量	模具安装、拆除、维护，钢筋下料、加工、绑扎、安装，砼浇注、振动、养护，成品堆码场地内材料运输等全部工作内容
		026	水沟盖板运输安装（含运距5km）	m3	150.0	/	/	/	/		按现场实际完成合格工程量计量	运输、挂线、座浆、安装等全部工作内容
		027	小型构件预制（0.015m3以内）	m3	280.0	/	甲方提供砼、损耗率1%以内	/	/		按现场实际完成合格工程量计量	模具安装、拆除、维护，砼浇注、振动、养护，成品堆码场地内材料运输等全部工作内容
		028	小型构件预制（0.015m3以外）	m3	240.0	/	甲方提供砼、损耗率1%以内	/	/		按现场实际完成合格工程量计量	模具安装、拆除、维护，砼浇注、振动、养护，成品堆码场地内材料运输等全部工作内容
		029	小型构件钢筋制安	t	550.0	/	甲方提供钢筋、损耗率1%以内	/	/		按实际安设的钢筋长度计算，搭接长度不计	钢筋按图纸下料、制作，焊接、绑扎并经验收合格，制作安装保护层水泥垫块等全部工作内容
		030	小型构件运输安装（含运距5km）	m3	150.0	/	/	/	/		按现场实际完成合格工程量计量	运输、安装场地整理，铺装，勾缝等全部工作内容
		031	C20排水沟混凝土浇注	m3	70.0	/	甲方提供砼、损耗率1%以内	/	/		按设计图示尺寸计算	模板制、安、拆、灌注砼、振捣、养护等全部工作内容
		032	护脚、护墙、路肩混凝土浇注	m3	70.0	/	甲方提供砼、损耗率1%以内	/	/		按设计图示尺寸计算	模板制、安、拆、灌注砼、振捣、养护等全部工作内容
		033	过渡段回填混凝土	m3	50.0	/	甲方提供砼、损耗率1%以内	/	/		按设计图示尺寸计算	模板制、安、拆；支撑搭拆；砼浇筑、振捣、养生等全部工作内容
		034	锥体护坡、检查台阶M10浆砌片石	m3	288.82	片石1.15m3，砂浆0.35m3	/	/	/		按现场实际完成合格工程量计量	人工开挖土槽，并运至工作面外30m，修整边坡及沟槽底面清理，拌、运砂浆，选、修、运、破碎石料，搭、移跳板，砌筑、勾缝、养生等全部工作内容
	05		地基处理									
		001	碎石桩（直径0.5m)（路基）	m	14.0	/	甲方提供碎石	/	/	甲方负责电接至施工现场配电柜处；甲方提供施工主便道；甲方提供安全等标识标牌；甲方负责控制测量、试验、检测，但乙方须人工、机械配合	按设计图示尺寸以桩长计算	安、拆振冲器，振冲、填碎石，疏导泥浆，场内临时道路维护等全部工作内容
		002	碎石桩（直径1.0m)（路基）	m	20.0	/	甲方提供碎石	/	/		按设计图示尺寸以桩长计算	安、拆振冲器，振冲、填碎石，疏导泥浆，场内临时道路维护等全部工作内容
		003	砂桩（桩径0.9m）（路基）	m	17.0	/	甲方提供砂	/	/		按设计图示尺寸以桩长计算	振冲器就位、振冲水冲成孔、拔管振密、排水成桩、移位，扫桩、清理场地等全部工作内容
		004	旋喷桩（直径0.5m)（路基）	m	30.0	/	甲方提供水泥	/	/		按设计图示尺寸以桩长计算	清理现场，钻机就位、钻孔、移位，配置浆液，喷射装置就位、注浆、移位，泥浆池清理，机具清洗及操作范围内料具搬运等全部工作内容
		005	旋喷桩（直径0.6m)（路基）	m	40.0	/	甲方提供水泥	/	/		按设计图示尺寸以桩长计算	清理现场，钻机就位、钻孔、移位，配置浆液，喷射装置就位、注浆、移位，泥浆池清理，机具清洗及操作范围内料具搬运等全部工作内容
		006	粉喷桩（直径0.5m)（路基）	m	8.0	/	甲方提供水泥	/	/		按设计图示尺寸以桩长计算	清除石块和杂物、整平场地，钻机移位、对位、井架调直、钻进，提升喷灰，不喷灰提钻、灰罐上料等全部工作内容
		007	水泥搅拌桩（直径0.5m)（路基）	m	12.0	/	甲方提供水泥	/	/		按设计图示尺寸以桩长计算	桩机就位，定位，钻进，调制水泥浆，输送压浆，搅拌提升，重复喷浆钻进搅拌、重复搅拌提升、成桩完毕，移位，清理工作面等全部工作内容
		008	打入预应力管桩（直径0.5m）（路基）	m	20.0	/	甲方提供管桩	/	/		按设计图示桩顶至桩底的长度计算	机械进、出场、配合进场机械报验、机械转场、铺道板、机械就位、调试、配合管桩卸料下车，按要求堆放、桩位标记、试桩、管桩刻度标记、桩靴焊接、喂桩、管桩打入、管桩接头焊接、送桩、控制管桩桩位、垂直度和标高、洞口防护等与管桩施工有关的全部工作内容
		009	静压预应力管桩（直径0.5m）（路基）	m	22.0	/	甲方提供管桩	/	/		按设计图示桩顶至桩底的长度计算	机械进、出场、配合进场机械报验、机械转场、铺道板、机械就位、调试、配合管桩卸料下车，按要求堆放、桩位标记、试桩、管桩刻度标记、桩靴焊接、喂桩、管桩压入、管桩接头焊接、送桩、控制管桩桩位、垂直度和标高、洞口防护等与管桩施工有关的全部工作内容
		010	CFG桩（直径0.5m）长螺旋法（路基，自发电）	m	18.0	/	甲方提供砼、损耗率1%以内	/	/		按设计图示桩顶至桩底的长度计算	设置临时防排水、施工平台维护及支垫；设备调遣(进、出场)，钻机就位；准备钻具、钻孔；砼灌注（含泵送费）、提管移位及操作范围内料具搬运等全部工作内容
		011	CFG桩（直径0.5m）长螺旋法（路基，网电）	m	16.0	/	甲方提供砼、损耗率1%以内	/	/		按设计图示桩顶至桩底的长度计算	设置临时防排水、施工平台维护及支垫；设备调遣(进、出场)，钻机就位；准备钻具、钻孔；砼灌注（含泵送费）、提管移位及操作范围内料具搬运等全部工作内容
		012	CFG桩桩帽	m3	130.0	/	甲方提供砼、损耗率1%以内	/	/		按设计方量计算	挖除桩间土，模板安拆，加固，涂脱模剂，人工配合浇筑砼，洒水养生等全部工作内容
		013	CFG桩破桩头	个	15.0	/	/	/	/		按实际个数计算	破除桩头砼，配合桩检等全部工作内容
		014	冲击碾压（碾压20遍）	m2	2.0	/	/	/	/		按照实际需要处理的投影面积计量	机械就位及移位、按技术交底规定进行碾压至满足设计要求（至少碾压20遍）、碾压后配合检测、机械进退场等全部工作内容
		015	强夯（夯击6遍）	m2	10.0	/	/	/	/		按照实际需要处理的投影面积计量	夯机就位及移位、按技术交底规定进行夯击至满足设计要求（至少夯击6遍）、夯击后配合检测、测设夯点、夯机进退场等全部工作内容
		016	重锤夯实（夯击6遍）	m2	7.0	/	/	/	/		按照实际需要处理的投影面积计量	夯机就位及移位、按技术交底规定进行夯击至满足设计要求（至少夯击6遍）、夯击后配合检测、测设夯点、夯机进退场等等全部工作内容
		017	抛填片石	m3	8.0	/	甲方提供片石	/	/		按实际方量	人工配合机械抛填片石,整平,碾压等全部工作内容
二			桥涵工程									
	01		桩基									
		001	钻孔桩钢筋制作、运输	t	450.0	/	甲方提供钢筋、损耗率1%以内	/	行吊	甲方负责负责泥浆外运、凿桩头；甲方负责电接至施工现场配电柜处；甲方提供施工主便道；甲方提供安全等标识标牌；甲方负责控制测量、试验、检测，但乙方须人工、机械配合	按设计图纸的净长、规格换算的重量进行计量，所有搭接、下脚料、定位钢筋均不予计量	卸车存放、清除油渍、漆污、调直、除锈、切断、弯曲、捆束、堆放、焊接及绑扎；划线、配料、绑扎、检查、校正；工地内运输等全部工作内容
		002	声测管制作、运输	m	1.0	/	甲方提供声测管	/			声测管按桩基设计长度乘以声测管根数计	制作安装U型筋，安装声测管等全部工作内容
		003	φ1.0m回旋钻孔桩	m3 /m	178/140	/	甲方提供砼、损耗率7%以内	/	/		桩长按图纸设计长度计算	钻机进出场，场地平整，准备机具，挖泥浆池，埋设钢护筒，设置泥浆循环系统，造浆、钻机就位、开钻、钻进，清孔、下钢筋笼（含孔口焊接），搭拆灌注平台，灌注水下砼，成孔后钻机移位，原始钻孔桩灌注记录等全部工作内容
		004	φ1.25m回旋钻孔桩	m3 /m	155/190	/	甲方提供砼、损耗率7%以内	/	/		桩长按图纸设计长度计算	钻机进出场，场地平整，准备机具，挖泥浆池，埋设钢护筒，设置泥浆循环系统，造浆、钻机就位、开钻、钻进，清孔、下钢筋笼（含孔口焊接），搭拆灌注平台，灌注水下砼，成孔后钻机移位，原始钻孔桩灌注记录等全部工作内容
		005	φ1.5m回旋钻孔桩	m3 /m	136/240	/	甲方提供砼、损耗率7%以内	/	/		桩长按图纸设计长度计算	钻机进出场，场地平整，准备机具，挖泥浆池，埋设钢护筒，设置泥浆循环系统，造浆、钻机就位、开钻、钻进，清孔、下钢筋笼（含孔口焊接），搭拆灌注平台，灌注水下砼，成孔后钻机移位，原始钻孔桩灌注记录等全部工作内容
		006	φ1.8m回旋钻孔桩	m3 /m	126/320	/	甲方提供砼、损耗率7%以内	/	/		桩长按图纸设计长度计算	钻机进出场，场地平整，准备机具，挖泥浆池，埋设钢护筒，设置泥浆循环系统，造浆、钻机就位、开钻、钻进，清孔、下钢筋笼（含孔口焊接），搭拆灌注平台，灌注水下砼，成孔后钻机移位，原始钻孔桩灌注记录等全部工作内容
		007	φ2.0m回旋钻孔桩	m3 /m	127/400	/	甲方提供砼、损耗率7%以内	/	/		桩长按图纸设计长度计算	钻机进出场，设置泥浆循环系统，造浆、钻机就位、开钻、钻进，清孔、下钢筋笼（含孔口焊接），搭拆灌注平台，灌注水下砼，成孔后钻机移位，原始钻孔桩灌注记录等全部工作内容
		008	φ80cm旋挖钻孔桩（综合）	m3 /m	238/120	/	甲方提供砼、损耗率5%以内	/	/		桩长按图纸设计长度计算	陆上准备机具，设置泥浆循环系统，造浆、钻机就位、开钻、钻进，清孔、钢筋笼吊装(含孔口连接)，搭拆灌注平台，灌注水下砼，成孔后钻机移位，原始钻孔桩灌注记录，以及渣土堆置等全部工作内容
		009	φ1.0m旋挖钻成孔桩（综合）	m3 /m	203/160	/	甲方提供砼、损耗率5%以内	/	/		桩长按图纸设计长度计算	陆上准备机具，设置泥浆循环系统，造浆、钻机就位、开钻、钻进，清孔、钢筋笼吊装(含孔口连接)，搭拆灌注平台，灌注水下砼，成孔后钻机移位，原始钻孔桩灌注记录，以及渣土堆置等全部工作内容
		010	φ1.25m旋挖钻成桩（综合）	m3 /m	163/200	/	甲方提供砼、损耗率5%以内	/	/		桩长按图纸设计长度计算	陆上准备机具，设置泥浆循环系统，造浆、钻机就位、开钻、钻进，清孔、钢筋笼吊装(含孔口连接)，搭拆灌注平台，灌注水下砼，成孔后钻机移位，原始钻孔桩灌注记录，以及渣土堆置等全部工作内容
		011	φ1.5m旋挖钻成桩（综合）	m3 /m	147/260	/	甲方提供砼、损耗率5%以内	/	/		桩长按图纸设计长度计算	陆上准备机具，设置泥浆循环系统，造浆、钻机就位、开钻、钻进，清孔、钢筋笼吊装(含孔口连接)，搭拆灌注平台，灌注水下砼，成孔后钻机移位，原始钻孔桩灌注记录，以及渣土堆置等全部工作内容
		012	φ1.8m旋挖钻成桩（综合）	m3 /m	133/340	/	甲方提供砼、损耗率5%以内	/	/		桩长按图纸设计长度计算	陆上准备机具，设置泥浆循环系统，造浆、钻机就位、开钻、钻进，清孔、钢筋笼吊装(含孔口连接)，搭拆灌注平台，灌注水下砼，成孔后钻机移位，原始钻孔桩灌注记录，以及渣土堆置等全部工作内容
		013	φ2.0m旋挖钻成桩（综合）	m3 /m	133/420	/	甲方提供砼、损耗率5%以内	/	/		桩长按图纸设计长度计算	陆上准备机具，设置泥浆循环系统，造浆、钻机就位、开钻、钻进，清孔、钢筋笼吊装（含孔口焊接），搭拆灌注平台，灌注水下砼，成孔后钻机移位，原始钻孔桩灌注记录，以及渣土堆置等全部工作内容
		014	φ1.0冲击钻成桩（土层、砂砾、砾石）	m3 /m	250/196	/	甲方提供砼、损耗率10%以内	/	/		桩长按图纸设计长度计算	临时支撑措施；设置泥浆循环系统、造浆；装、拆、移钻机，制作、埋设护筒，钻架就位、安装钻头及钻具、冲孔、提钻、出渣、加水、加粘土、清孔、量孔深等成孔全过程，安装钢筋笼，搭拆灌注平台，安、拆导管及漏斗，浇注混凝土等全部工作内容
		015	φ1.0冲击钻成桩（软石、次坚石）	m3 /m	450/353	/	甲方提供砼、损耗率10%以内	/	/		桩长按图纸设计长度计算	临时支撑措施；设置泥浆循环系统、造浆；装、拆、移钻机，制作、埋设护筒，钻架就位、安装钻头及钻具、冲孔、提钻、出渣、加水、加粘土、清孔、量孔深等成孔全过程，安装钢筋笼，搭拆灌注平台，安、拆导管及漏斗，浇注混凝土等全部工作内容
		016	φ1.25冲击钻成桩（土层、砂砾、砾石）	m3 /m	230/282	/	甲方提供砼、损耗率10%以内	/	/		桩长按图纸设计长度计算	临时支撑措施；设置泥浆循环系统、造浆；装、拆、移钻机，制作、埋设护筒，钻架就位、安装钻头及钻具、冲孔、提钻、出渣、加水、加粘土、清孔、量孔深等成孔全过程，安装钢筋笼，搭拆灌注平台，安、拆导管及漏斗，浇注混凝土等全部工作内容
		017	φ1.25冲击钻成桩（软石、次坚石）	m3 /m	410/503	/	甲方提供砼、损耗率10%以内	/	/		桩长按图纸设计长度计算	临时支撑措施；设置泥浆循环系统、造浆；装、拆、移钻机，制作、埋设护筒，钻架就位、安装钻头及钻具、冲孔、提钻、出渣、加水、加粘土、清孔、量孔深等成孔全过程，安装钢筋笼，搭拆灌注平台，安、拆导管及漏斗，浇注混凝土等全部工作内容
		018	φ1.5冲击钻成桩（土层、砂砾、砾石）	m3 /m	200/353	/	甲方提供砼、损耗率10%以内	/	/		桩长按图纸设计长度计算	临时支撑措施；设置泥浆循环系统、造浆；装、拆、移钻机，制作、埋设护筒，钻架就位、安装钻头及钻具、冲孔、提钻、出渣、加水、加粘土、清孔、量孔深等成孔全过程，安装钢筋笼，搭拆灌注平台，安、拆导管及漏斗，浇注混凝土等全部工作内容
		019	φ1.5冲击钻成桩（软石、次坚石）	m3 /m	400/706	/	甲方提供砼、损耗率10%以内	/	/		桩长按图纸设计长度计算	临时支撑措施；设置泥浆循环系统、造浆；装、拆、移钻机，制作、埋设护筒，钻架就位、安装钻头及钻具、冲孔、提钻、出渣、加水、加粘土、清孔、量孔深等成孔全过程，安装钢筋笼，搭拆灌注平台，安、拆导管及漏斗，浇注混凝土等全部工作内容
		020	φ1.8冲击钻成桩（土层、砂砾、砾石）	m3	180/458	/	甲方提供砼、损耗率10%以内	/	/		桩长按图纸设计长度计算	临时支撑措施；设置泥浆循环系统、造浆；装、拆、移钻机，制作、埋设护筒，钻架就位、安装钻头及钻具、冲孔、提钻、出渣、加水、加粘土、清孔、量孔深等成孔全过程，安装钢筋笼，搭拆灌注平台，安、拆导管及漏斗，浇注混凝土等全部工作内容
		021	φ1.8冲击钻成桩（软石、次坚石）	m3	400/1017	/	甲方提供砼、损耗率10%以内	/	/		桩长按图纸设计长度计算	临时支撑措施；设置泥浆循环系统、造浆；装、拆、移钻机，制作、埋设护筒，钻架就位、安装钻头及钻具、冲孔、提钻、出渣、加水、加粘土、清孔、量孔深等成孔全过程，安装钢筋笼，搭拆灌注平台，安、拆导管及漏斗，浇注混凝土等全部工作内容
		022	φ2.0冲击钻成桩（土层、砂砾、砾石）	m3	190/596	/	甲方提供砼、损耗率10%以内	/	/		桩长按图纸设计长度计算	临时支撑措施；设置泥浆循环系统、造浆；装、拆、移钻机，制作、埋设护筒，钻架就位、安装钻头及钻具、冲孔、提钻、出渣、加水、加粘土、清孔、量孔深等成孔全过程，安装钢筋笼，搭拆灌注平台，安、拆导管及漏斗，浇注混凝土等全部工作内容
		023	φ2.0冲击钻成桩（软石、次坚石）	m3	400/1256	/	甲方提供砼、损耗率10%以内	/	/		桩长按图纸设计长度计算	临时支撑措施；设置泥浆循环系统、造浆；装、拆、移钻机，制作、埋设护筒，钻架就位、安装钻头及钻具、冲孔、提钻、出渣、加水、加粘土、清孔、量孔深等成孔全过程，安装钢筋笼，搭拆灌注平台，安、拆导管及漏斗，浇注混凝土等全部工作内容
		024	挖孔桩(土层)	m3	180.0	/	甲方提供钢筋笼、砼、损耗率1%以内；护壁材料甲方不提供	/	/		按照原地面至桩底的长度和桩径尺寸计算	人力（机械）开挖，卷扬机提运，支撑及防护，修整桩孔，孔口外50米以内运输，通风机及照明管路铺拆，护壁施工、灌注砼等全部工作内容
		025	挖孔桩(岩层)	m3	320.0	/	甲方提供钢筋笼、砼、损耗率1%以内；代购火工材料；护壁材料甲方不提供	/	/		按照原地面至桩底的长度和桩径尺寸计算	人力（机械）及爆破开挖，卷扬机提运，支撑及防护，修整桩孔，孔口外50米以内运输，通风机及照明管路铺拆，护壁施工、灌注砼等全部工作内容
	02		桩头破除									
		001	桩头破除（φ1m）	个	140.0	/	/	/	/	甲方负责电接至施工现场配电柜处。	按设计图示尺寸以个计算	桩头凿除、运输、处置等全部工作内容
		002	桩头破除（φ1.25m）	个	200.0	/	/	/	/		按设计图示尺寸以个计算	桩头凿除、运输、处置等全部工作内容
		003	桩头破除（φ1.5m）	个	280.0	/	/	/	/		按设计图示尺寸以个计算	桩头凿除、运输、处置等全部工作内容
		004	桩头破除（φ1.8m）	个	340.0	/	/	/	/		按设计图示尺寸以个计算	桩头凿除、运输、处置等全部工作内容
		005	桩头破除（φ2.0m）	个	430.0	/	/	/	/		按设计图示尺寸以个计算	桩头凿除、运输、处置等全部工作内容
	03		承台									
		001	承台土方开挖	m3	8.0	/	/	/	/	甲方负责电接至施工现场配电柜处；甲方提供钢筋加工场地（含行吊）；甲方提供施工主便道；甲方提供安全等标识标牌；甲方负责控制测量、试验、检测，但乙方须人工、机械配合	按实测断面计量	挖掘机就位、开挖工作面、挖、装、清理工作面等全部工作内容
		002	扩大基础挖运石方，运距1km	m3	25.0	/	甲方代购火工材料	/	/		按设计图示压实断面尺寸计算	基坑石方爆破，挖掘机就位、开挖工作面、挖、装、运3km以内、清理工作面等全部工作内容
		003	基础、承台砼（150m3以内）	m3	60.0	/	甲方提供砼，损耗率1%以内	组合钢模板	/		按设计(技术交底)内现场已完成的合格工程量以体积计量	基坑人工清理、声测管切割、模板制安拆、加固、调整、涂脱模剂，砼灌注、振捣及养护，安插接茬石等全部工作内容
		004	基础、承台砼（150m3以外）	m3	50.0	/	甲方提供砼，损耗率1%以内	组合钢模板	/		按设计(技术交底)内现场已完成的合格工程量以体积计量	基坑人工清理、声测管切割、模板制安拆、加固、调整、涂脱模剂，砼灌注、振捣及养护，安插接茬石等全部工作内容
		005	承台钢筋	t	450.0	/	甲方提供钢筋、损耗率1%以内	/	/		按设计或变更设计图纸的净长、规格换算的重量进行计量，所有搭接、下脚料、定位钢筋、预埋件及冷却管均不予计量。	钢筋卸车存放、按图纸下料、制作、焊接、绑扎、运输、承台冷却管及配件安装、预埋件安装并经验收合格，砼垫块制作安装等全部工作内容
		006	陆上钢板桩围堰打、拔	t	480.0	/	甲方提供钢板桩	/	/		根据现场实测以t计量	组拼、捻缝、铺隔离层、吊桩、安卸桩帽、打桩、校正，拨桩、吊放、堆码解体存放等全部工作内容
		007	陆上拉森钢板桩围堰打、拔	t	700.0	/	甲方提供钢板桩	/	/		根据现场实测以t计量	组拼、捻缝、铺隔离层、吊桩、安卸桩帽、打桩、校正，拨桩、吊放、堆码解体存放等全部工作内容
		008	钢平台制作安装	t	700.0	/	甲方提供钢材	/	/		按实际安装数量计量	钢管桩配置、吊装卸车、打入、焊接、切割、桩间整体连接，型钢扣配梁制、运、安装，贝雷梁拼装、运、安装，桥面板下料、制作、运输、安装，桥面路缘型钢制作、安装、运输，桥面钢栏杆制作、安装、运输，除锈、油漆三度，工地内照明及动力线路安拆、钢栈桥施工期间维护、拆除等全部工作内容
		009	钢平台拆除	t	380.0	/	/	/	/		按实际重量计	平台钢结拆除，钢管拔出，拆除材料倒运及卸车，材料堆放整齐等全部工作内容
		010	双壁钢围堰制作、安装、拆除	t	1500.0	/	甲方提供钢材	/	/		按实际重量计	加工、制作、拼装、下沉、浮运、定位、下水、下沉、基底清理、壁内填充砼、围堰内抽水、拆除等全部工作内容
		011	长钢护筒加工	t	600.0	/	甲方提供钢材	/	/		按实际重量计	下料、制作、焊接、运输至现场等全部工作内容
		012	长钢护筒二次加工	t	350.0	/	甲方提供钢材	/	/		按实际重量计	下料、制作、焊接、运输至现场等全部工作内容
		013	长钢护筒打入	t	500.0	/	/	/	/		按实际重量计	放线、定位、吊插、震动下沉等全部工作内容
		014	长钢护筒拔出	t	300.0	/	/	/	/		按实际重量计	震动、拔出、切割、堆码等全部工作内容
		015	封底砼	m3	20.0	/	/	/	/		按设计(技术交底)内现场已完成的合格工程量以体积计量	设置导管、漏斗平台，灌注砼等全部工作内容
		016	锁口钢管桩制作	t	700.0	/	甲方提供钢材	/	/		按实际重量计	原材料卸车，锁口桩加工制作、内部支撑加工制作，装车等全部工作内容
		017	锁口钢管桩安装	t	650.0	/	/	/	/		按实际重量计	锁口桩卸车、倒运，锁口桩定位、打入,止水、保养、保证围堰内不漏水等全部工作内容
		018	锁口钢管桩拆除	t	500.0	/	/	/	/		按实际重量计	钢围檩拆除，钢管拔出，拆除材料倒运及卸车，材料堆放整齐等全部工作内容
	04		墩台									
		001	实心墩砼灌注注H>15m（含垫石）	m3	170.0	/	甲方提供砼、损耗率1%以内	钢模板	/（甲方不提供任何机械）	甲方负责电接至施工现场配电柜处；甲方提供钢筋加工场地（含行吊）；甲方提供施工主便道；甲方提供安全等标识标牌；甲方负责控制测量、试验、检测，但乙方须人工、机械配合	按设计(技术交底)内现场已完成的合格工程量以体积计量，垫石施工完方可结算墩身	安拆模板，涂脱模剂，松紧拉杆，脚手架搭拆，预埋件安装，灌注砼，振捣，墩顶接茬处理，拆模后围塑料薄膜并浇水养护等全部工作内容
		002	实心墩砼灌注H≤15m（含垫石）	m3	160.0	/	甲方提供砼、损耗率1%以内	钢模板	/（甲方不提供任何机械）		按设计(技术交底)内现场已完成的合格工程量以体积计量，垫石施工完方可结算墩身	安拆模板，涂脱模剂，松紧拉杆，脚手架搭拆，预埋件安装，灌注砼，振捣，墩顶接茬处理，拆模后围塑料薄膜并浇水养护等全部工作内容
		003	空心墩砼、垫石灌注（墩高H≤30m）	m3	250.0	/	甲方提供砼、损耗率1%以内	钢模板	/（甲方不提供任何机械）		按设计(技术交底)内现场已完成的合格工程量以体积计量，垫石施工完方可结算墩身	安拆模板，涂脱模剂，内模安拆、松紧拉杆，脚手架搭拆，预埋件安装，灌注砼，振捣，墩顶接茬处理，拆模后围塑料薄膜并浇水养护等全部工作内容
		004	空心墩砼、垫石灌注（30m＜墩高H≤50m）	m3	280.0	/	甲方提供砼、损耗率1%以内	钢模板	/（甲方不提供任何机械）		按设计(技术交底)内现场已完成的合格工程量以体积计量，垫石施工完方可结算墩身	模板的制安拆，脚手架搭拆，松紧拉杆，灌注砼、振捣及养护，墩顶接茬处理，拆模后围塑料薄膜并浇水养护等全部工作内容
		005	空心墩砼、垫石灌注（50m＜墩高H≤70m）	m3	310.0	/	甲方提供砼、损耗率1%以内	钢模板	/（甲方不提供任何机械）		按设计(技术交底)内现场已完成的合格工程量以体积计量，垫石施工完方可结算墩身	模板的制安拆，脚手架搭拆，松紧拉杆，灌注砼、振捣及养护，墩顶接茬处理，拆模后围塑料薄膜并浇水养护等全部工作内容
		006	空心墩砼、垫石灌注（70m＜墩高H≤100m）	m3	330.0	/	甲方提供砼、损耗率1%以内	钢模板	/（甲方不提供任何机械）		按设计(技术交底)内现场已完成的合格工程量以体积计量，垫石施工完方可结算墩身	模板的制安拆，脚手架搭拆，松紧拉杆，灌注砼、振捣及养护，墩顶接茬处理，拆模后围塑料薄膜并浇水养护等全部工作内容
		007	空心桥台砼灌注(含垫石）	m3	200.0	/	甲方提供砼、损耗率1%以内	钢模板	/（甲方不提供任何机械）		按设计(技术交底)内现场已完成的合格工程量以体积计量，垫石施工完方可结算墩身	模板的制安拆，脚手架搭拆，松紧拉杆，灌注砼、振捣及养护，墩顶接茬处理，拆模后围塑料薄膜并浇水养护等全部工作内容
		008	实心墩墩身钢筋	t	530.0	/	甲方提供钢筋、损耗率1%以内	/	/（甲方不提供任何机械）		按设计或变更设计图纸的净长、规格换算的重量进行计量，所有搭接、下脚料、定位钢筋、预埋件及冷却管均不予计量。钢筋边脚料所有权归甲方。	钢筋卸车存放、按图纸下料、制作、焊接、绑扎、运输、预埋件安装并经验收合格，砼垫块制作安装等全部工作内容
		009	空心墩、垫石钢筋（墩高H≤50m）	t	550.0	/	甲方提供钢筋、损耗率1%以内	/	/（甲方不提供任何机械）		按设计或变更设计图纸的净长、规格换算的重量进行计量，所有搭接、下脚料、定位钢筋、预埋件及冷却管均不予计量。钢筋边脚料所有权归甲方。	钢筋卸车存放、按图纸下料、制作、焊接、绑扎、运输、预埋件安装并经验收合格，砼垫块制作安装等全部工作内容
		010	空心墩、垫石钢筋（50m＜墩高H≤70m）	t	570.0	/	甲方提供钢筋、损耗率1%以内	/	/		按设计或变更设计图纸的净长、规格换算的重量进行计量，所有搭接、下脚料、定位钢筋、预埋件及冷却管均不予计量。钢筋边脚料所有权归甲方。	钢筋卸车存放、按图纸下料、制作、焊接、绑扎、运输、预埋件安装并经验收合格，砼垫块制作安装等全部工作内容
		011	空心墩、垫石钢筋（70m＜墩高H≤100m）	t	590.0	/	甲方提供钢筋、损耗率1%以内	/	/（甲方不提供任何机械）		按设计或变更设计图纸的净长、规格换算的重量进行计量，所有搭接、下脚料、定位钢筋、预埋件及冷却管均不予计量。钢筋边脚料所有权归甲方。	钢筋卸车存放、按图纸下料、制作、焊接、绑扎、运输、预埋件安装并经验收合格，砼垫块制作安装等全部工作内容
	05		预制梁									
			箱梁预制									
		001	预制箱梁钢筋加工绑扎	t	400.0		钢筋（1%）
垫块（/）
支座底板（/）
桥梁配件（/）
橡胶管（1%）
接地端子（/）	/	起重门吊、预扎台座、钢筋笼吊架	甲方负责电接至施工现场配电柜处；甲方提供钢筋加工场地（含行吊）、预制场地建设；甲方提供施工主便道；甲方提供安全等标识标牌；甲方负责控制测量、试验、检测，但乙方须人工、机械配合	按甲方验收合格工程量计量	一、钢筋加工：1.半成品钢筋、定位网、钢筋对焊，按定位网图纸将钢筋下料进行定位网焊接并准确。2.配合门吊卸钢材，按物资部要求分型号厂家整齐堆码，盖篷布。4.制作钢筋加工所需胎具，按施工图纸进行下料，分类堆码，堆码符合物资部要求。7、半成品钢筋堆码处，各种型号钢筋画1:1大样图，吊挂标示标牌，并填写准确信息。8、制作定位网台卡具。9、乙方提供设备，乙方负责维修保养.10、所属范围内的龙门吊、配电箱、照明等的维护保养由乙方负责。11、甲方负责把动力线接入主配电箱，其余电力线路由乙方负责按照甲方及业主、监理等有关行业标准规范和上级要求布置，其日常维护，修复由乙方负责。12、所属区域的安全生产、文明施工、争先创优等工作有乙方负责，如业主、质监站、监理检查评比由乙方配合，因乙方未按照标准要求而造成的损失由乙方负责。13、安全文明施工、做到工完料尽、
二、钢筋绑扎：1.按甲方要求将半成品钢筋从钢筋生产房运送到绑扎地点、绑扎主梁钢筋、顶板钢筋、保护层垫块、穿校橡胶管、安装上、下部连接铁、安装预埋钢筋、接地钢筋及接地端子、接触网支柱、伸缩缝预埋板、铁板、角钢和预埋件，装定位网、校正报验。（含清、吊料）2.对橡胶管进行清理与维护、对不合格橡胶管进行妥善处理，负责搬运橡胶管至主梁绑扎台位。3.采用预扎台座时，整体钢筋指挥、挂钩、落位、取钩、校扎。4.模型安装后钢筋校正，清理钢筋绑扎残留物。5.将多余的扎丝、垫块、钢筋归类收集至生产房，预埋波纹管6、预扎台位及制梁台座按钢筋编号及绑扎尺寸和规格标注及放样。7、预扎台座的制作及吊架的制作。8、钢筋笼吊装至制梁台位，调整、负责报检通过。9、安全生产，文明施工，工完料尽、配合甲方迎接各种检查。10、完成领导交办的其他任务。11、甲方提供工装机具的日常维修及修复工作。
		002	模型安拆、混凝土灌注	m³	60.0		钢筋（1%）
垫块（/）
支座底板（/）
桥梁配件（/）
橡胶管（1%）
接地端子（/）	模型及配套附属配件	起重门吊、保温棚、输送泵、布料机	主配电箱及主电路布置及以上设备的日常保养、维修	按设计计量	一、1.安装侧模，清灰除锈、擦净，涂刷脱模剂，连接螺栓紧固、校正报验等模型安装的常规内容（横向管、横向锚垫板，锚穴等）、安装底部横向管、锚穴，混凝土灌注过程中防漏浆及模型松动,模型紧固件的紧固，连接缝堵塞，清理因模型问题导致的漏浆。2.拆模、清灰打油、安装T钢，拆顶底部锚穴，恢复模型胶皮、并把脱下的锚穴和钢板挂在模型挂钩上,把所有拉杆及螺栓放整齐，负责因模型原因造成箱梁严重外观损坏等工作。3.安拆部分桥面活动拉杆，吊装孔通风孔预埋件，安装弹簧圈、伸缩缝胶板。4.拆装端模，安装端模锚垫板、支座板、防落梁预埋板，底端模清灰打油，粘贴胶皮。所有梁体需要的堵漏工作，安装大过梁盖板，纵向管胶套，紧固所有桥面、底脚及各种螺栓。5.安装泄水管、电缆预留孔及固定牢固，对模型胶条及存底梁台座胶条进行更换、修整，模型所用螺栓保养。二、1、砼放料，开电盘，振捣，桥面抹面及二次抹面，清理多余砼（模型、拖泵、地面等），振动器安拆紧固，场地清理等。2、橡胶管的拔制；3、清理因放料落地砼。三、1.梁体蜂窝麻面修饰，梁体开刀，场地清理等相关内容。四、顶板外侧凿毛、挡渣墙钢筋防锈。五、桥牌材料及安装，顶板外侧胶条清理。六、1.按照要求覆盖拆除篷布，送、停气，梁体洒水养护等。2.冬天存梁区进行梁体保温（安拆保温棚、生火）。3.填写相关资料(资料不齐全扣除计价10%）。
		003	张拉工序（含压浆封端）	t	750.0		钢绞线（2%）
水泥（1%）
灌浆料（1%）
钢筋（1%）
混凝土（1%）
防水涂料（1%）
桥牌（/）	锚具（/）
锚垫板（/）
夹片（/）	智能张拉压浆机（1套）	主配电箱及主电路布置及以上设备的日常保养、维修	按甲方验收合格工程量计量	、抽拔橡胶管及锚穴凿毛；2、卸钢绞线、锚具,按试验室要求进行钢绞线取样,搬运钢铰线,；3、清理纵向管锚口混凝土及压浆孔、4、穿钢绞线。5、安装锚具、夹片,对梁体进行预、初、终张拉。6、套钢绞线保护套、割钢绞线。7、终张拉24小时后切割钢绞线并把钢绞线收集运送至指定地点存放并堆码整齐8、吊压浆水泥、孔道真空压浆。9、填写相关资料。10、安装封端钢筋, 11、封端、涂刷防水涂料。12、静载试验13、打扫本工班工作场地内卫生并做到工完料尽。14、对所使用的模具、施工机具、设备进行维修保养。15、完成领导交办的其它任务。
			箱梁架设									
		004	运输架设	孔	28000.0		/	/	/	/	按甲方验收合格工程量计量	包括人员、设备进出场、安装及拆卸、调试、取证、维修保养、动力燃料、支座垫石凿毛等。
			T梁预制									
		005	钢筋加工	t	140.0		钢筋（1%）	/	起重门吊、对焊机、钢筋弯曲机、调直机、切筋机	甲方负责电接至施工现场配电柜处；甲方提供钢筋加工场地（含行吊）；甲方提供施工主便道；甲方提供安全等标识标牌；甲方负责控制测量、试验、检测，但乙方须人工、机械配合	按甲方验收合格工程量计量	1.半成品钢筋、定位网、弹簧圈的制作，钢筋对焊，按定位网图纸将钢筋下料进行定位网焊接并准确。2.配合门吊卸钢材，按物资部要求整齐堆码，盖篷布。3.配合门吊从钢筋房将钢筋搬到钢筋生产房。4.制作钢筋加工所需胎具，按施工图纸进行下料，分类堆码，堆码符合物资部要求。5.每天下班前将电箱关闭，切断电源，检查卫生和材料保管情况。6.转运废料至指定地点。7、半成品钢筋堆码处，各种型号钢筋画1:1大样图，吊挂标示标牌，并填写准确信息。8、制作定位网台卡具。9、甲方提供设备，乙方负责维修保养。
		006	钢筋绑扎通桥（2012）2101	t	420.0		钢筋（1%）	/	起重门吊、、卷扬机		按甲方验收合格工程量计量	1.按甲方要求将半成品钢筋从钢筋生产房运送到绑扎地点、绑扎主梁钢筋、顶板钢筋、保护层垫块、穿校橡胶管、安装上、下部连接铁、安装预埋钢筋、铁板、角钢和预埋件，装定位网、校正报验。（含清、吊料）2.对橡胶管进行清理与维护、对不合格橡胶管进行妥善处理，负责搬运橡胶管至主梁绑扎台位。3.采用预扎台座时，整体钢筋指挥、挂钩、落位、取钩、校扎。4.模型安装后钢筋校正，清理钢筋绑扎残留物。5.将多余的扎丝、垫块、钢筋归类收集至生产房；预埋波纹管6、预扎台位及制梁台座按钢筋编号及绑扎尺寸和规格标注及放样。7、预扎台座的制作及吊架的制作。8、钢筋笼吊装至制梁台位。
		007	钢筋绑扎通桥（2012）2109	t	420.0		钢筋（1%）	/	同上		按甲方验收合格工程量计量	同上
		008	模型安拆，砼灌注	m3	100.0		混凝土（2%）	模型及配套附属配件	起重门吊、附着式振动器		按甲方验收合格工程量计量	一、1.安装侧模，清灰除锈、擦净，涂刷脱模剂，连接螺栓紧固、校正报验等模型安装的常规内容（横向管、横向锚垫板，锚穴等）、安装底部横向管、锚穴，混凝土灌注过程中防漏浆及模型松动,模型紧固件的紧固，连接缝堵塞，清理因模型问题导致的漏浆。2.拆模、清灰打油、安装T钢，拆顶底部锚穴，恢复模型胶皮、并把脱下的锚穴和钢板挂在模型挂钩上,把所有拉杆及螺栓放整齐，负责因模型原因造成T梁严重外观损坏等工作。3.安部分桥面活动拉杆，吊排，安装顶层锚垫板、弹簧圈、伸缩缝胶板、锚穴、横向管等。4.拆装端模，安装端模锚垫板、支座板，底端模清灰打油，粘贴胶皮，拔两层横向管。所有梁体需要的堵漏工作，安装大过梁盖板，纵向管胶套，紧固所有桥面、底脚及各种螺栓。5.安装泄水管及固定牢固，对模型胶条及存底梁台座胶条进行更换、修整，安装底部活动块（顶梁处），模型所用螺栓保养。装T钢和不等边角钢。6、协助项目部对模型的检测。二、1、砼吊移，放料，开电盘，振捣，桥面抹面及二次抹面，清理多余砼（模型、料斗、地面等），振动器安拆紧固，场地清理等。2、橡胶管的拔制；3、清理因放料落地砼及清理料斗砼。三、1.梁体蜂窝麻面修饰，梁体开刀，场地清理等相关内容。四、顶板外侧凿毛、挡渣墙钢筋防锈。五、桥牌材料及安装，顶板外侧胶条清理。六、1.按照要求覆盖拆除篷布，送、停气，梁体洒水养护等。2.冬天存梁区进行梁体保温（安拆保温棚、生火）。3.填写相关资料(资料不齐全扣除计价10%）。
		009	预制T梁钢绞线	t	800.0	/	/	/	/		按两端锚具间钢绞线的设计长度计算，孔道压浆、砼封端及锚具孔钢筋制作安装等作为钢绞线制作安装的附属工作，不另行计量。钢绞线边脚料所有权归甲方。	①钢绞线卸料人工配合（不含吊车），上盖下垫的材料购置及安装；②钢绞线制安：钢绞线下料、切割、制束、孔道穿束；③预应力张拉（含预张、初张、终张及终张后钢绞线切割）、记录；张拉器具就位、上锚具；④孔道压浆：割束、封锚具、拌制水泥浆、真空压浆、清除封锚具砂浆；⑤封端;⑥配合制作钢绞线压浆浆体试件；⑦梁场认证前（包括认证时）T梁静载试验时无偿提供操作人员进行静载试验；⑧现场文明施工：乙方必须配备不少于2名施工人员负责乙方作业区域内文明施工、完成本工序作业的其他一切相关工作等全部工作内容。
	06		湿接缝									
		001	湿接缝、伸缩缝（32米）	孔	13500.0		混凝土（损耗率2%）、钢筋（损耗率1%）、钢绞线（损耗率2%）水泥（损耗率1%）	/	/	/	按甲方验收合格工程量计量	一、1.桥梁湿接缝（含湿接缝防水层处理）及横向张拉：包含钢筋加工绑扎、模板制安、钢绞线切割制束、锚具安装、波纹管安装加工、张拉、压浆、封锚、刷防水涂料、桥梁湿接缝混凝土灌注、振捣、养护以及浇筑养护后的防水层等所有相关工作内容。2.填写相关资料(资料不齐全扣除计价10%）；3.模板及其他施工残留物及时清理，保持施工现场的整洁；4.甲方提供混凝土、钢筋、波纹管等材料，由乙方负责运输并根据现场情况进行倒运。二、1.预埋不等边角钢（桥梁丢失不等边角钢时施工）、伸缩缝挡碴钢板、钢压板、横向盖板的安装，橡胶止水带安装，沥青胶砂的炼制、铺设等所有与梁端伸缩缝有关的工程；2.安装前，应对梁体预埋角钢进行除锈；3.甲方提供成品材料，由乙方负责所有材料的运输及倒运。
		002	湿接缝、伸缩缝（24米）	孔	10000.0		同上	/	/	/	按甲方验收合格工程量计量	同上
		003	湿接缝、伸缩缝（20米）	孔	8500.0		同上	/	/	/	按甲方验收合格工程量计量	同上
	07		现浇箱梁									
		001	现浇梁砼（移动模架施工）	m3	40.0	/	甲方提供砼、钢筋、钢绞线，损耗率1%以内	甲方提供移动模架、钢模板	/	甲方负责电接至施工现场配电柜处；甲方提供钢筋加工场地（含行吊）；甲方提供施工主便道；甲方提供安全等标识标牌；甲方负责控制测量、试验、检测，但乙方须人工、机械配合	按设计图示尺寸以体积计量（扣减钢筋、预埋件及孔道体积）	原材料卸车、倒运；砼灌注养生，支座安装，现浇湿接缝等全部工作内容
		002	现浇梁体钢筋制安	t	450.0	/			/		按设计图示尺寸计算	钢筋按图纸下料、制作，焊接、绑扎并经验收合格，制作安装保护层水泥垫等全部工作内容
		003	现浇梁钢绞线(满堂支架、移动模架）	t	1100.0	/			/		按设计图纸的净长、规格换算的重量进行计量	钢绞线下料、安装、转运、绑扎、安装波纹管成孔、穿束、张拉、封锚、清孔并压浆等全部工作内容
		004	现浇梁砼（膺架施工）	m3	150.0	/			/		按设计图示尺寸以体积计量（扣减钢筋、预埋件及孔道体积）	原材料卸车、倒运，铺拆箱梁底模，立拆侧模、内摸及端模并调整标高接缝，模板整修，支架配重并预压，安装预埋件，人工配合泵车灌注砼，振捣、抹面并养护挂设高空安全网，上梁爬梯搭拆，小型电焊作业，相关材料垂直运输、50m以内材料运输等全部工作内容
		005	移动模架过孔	孔	30000.0	/			/		按孔计量	移动模架端头模板安拆，移动模架过孔，模板中线位置标高调整，内模安拆等完成移动模架过孔等全部工作内容
		006	移动模架拼装	t	100.0	/			/		按照模架设计重量计算	现场拼装，倒运，下料，焊接，钻孔，拆卸，堆码等全部工作内容
		007	移动模架拆除	孔	32000.0	/			/		按孔计量	人工配合机械拆卸移动模架全部构件并将组合大型构件解体、分类堆码整齐、根据现场需要部分构件近距离人工配合机械倒运、小型配件及易丢、易损构配件分类回收入库,清理工作面等全部工作内容
		008	桥梁膺架支架搭拆	t	450.0	/			/		按照实际施工重量计算	人工配合吊机安装、固定钢管柱，上、下工字钢横梁，贝雷片梁，安装钢柱支撑撑间的纵向、横向连接支撑，配合预压试验等全部工作内容
		009	膺架钢构件加工	t	500.0	/			/		按照实际施工重量计算	现场装卸、倒运，下料、焊接钻孔、试拼装等相关作业等全部工作内容
	08		悬灌梁、现浇梁									
		001	悬浇梁砼（挂蓝施工，主跨度≥90m）	m3	460.0	/	甲方提供砼、钢筋、钢绞线、锚具、工具锚、压浆材料、波纹管，损耗率1%以内	甲方提供挂篮、钢模板、托架	/	甲方负责电接至施工现场配电柜处；甲方提供钢筋加工场地（含行吊）；甲方提供施工主便道；甲方提供安全等标识标牌；甲方负责控制测量、试验、检测，但乙方须人工、机械配合	按设计图示尺寸以体积计算	墩顶0号块临时固结，挂篮推移、就位、过墩，模板、支架安拆，砼灌注、养护等全部工作内容
		002	悬浇梁砼（挂蓝施工，60m≤主跨度＜90m）	m3	480.0	/			/		按设计图示尺寸以体积计算	墩顶0号块临时固结，挂篮推移、就位、过墩，模板、支架安拆，砼灌注、养护等全部工作内容
		003	悬浇梁砼（挂蓝施工，主跨度＜60m）	m3	520.0	/			/		按设计图示尺寸以体积计算	墩顶0号块临时固结，挂篮推移、就位、过墩，模板、支架安拆，砼灌注、养护等全部工作内容
		004	悬浇梁体钢筋制安	t	520.0	/			/		按设计图示尺寸计算	钢筋按图纸下料、制作，焊接、绑扎并经验收合格，制作安装保护层水泥垫等全部工作内容
		005	精扎螺纹钢制安	t	1200.0	/			/		按设计图示尺寸计算	卸车存放、钢筋调直、切断、弯曲、焊接（绑扎）、运输、安装、连接，张拉，压浆管制作、安装，压水泥浆，封锚等全部工作内容
		006	悬浇梁钢绞线	t	1200.0	/			/		按设计图示尺寸计算	钢绞线(含水泥、锚具等）卸车存放、调直、下料、切断；编束、穿束；安装锚垫板、锚具、预张拉、初拉、终张拉、切割钢绞线、封锚等。波纹管制安，预应力孔道清理、管道真空辅助压浆，砂浆配、拌、运、压浆等全部工作内容
		007	挂篮、模板拼装、预压、拆除	套	30000.0	/			/		按实际数量计算	挂篮、模板的提升、拼装、焊接、整修、加固、开孔、打磨、拆除、运输、堆码、清理、打油；预压材料的装袋、提升、堆载、卸载、运输、堆码等全部工作内容
		008	托架制作、安装、拆除	t	800.0	/			/		按照实际施工重量计算	托架制作、提升、安装、焊接、整修、加固、开孔、打磨、拆除、运输、堆码、清理、打油；钢管内灌注砼；预压材料的装袋、提升、堆载、卸载、运输、堆码等全部工作内容
		009	现浇连续梁砼（满堂支架）	m3	200.0	/	甲方提供砼、钢筋、钢绞线、模具、压浆材料、波纹管，损耗率1%以内	甲方提供模板、脚手架	/		按设计图示尺寸以圬工方体积计量	木模制作，铺拆箱梁底模及方木纵横带，立拆侧模、内模及端模并调整标高接缝，支架配重并预压，安装预埋件，人工配合起重机或泵车（地泵）灌注砼，振捣、抹面并养护，挂设高空安全网，上梁爬梯搭拆，小型电焊作业，相关材料垂直运输、50m以内材料运输等全部工作内容
		010	钢管脚手架搭拆（盘扣）	m3	10.0	/			/		按照空间方计价	脚手架或定型钢支架搭设，顶托标高调整，安全防护，拆除后分类堆放。支架垂直运输，材料50m以内水平运输等全部工作内容
		011	碗扣脚手架搭拆	m3	11.0	/			/		按照空间方计价	脚手架或定型钢支架搭设，顶托标高调整，安全防护，拆除后分类堆放。支架垂直运输，材料50m以内水平运输等全部工作内容
		012	现浇连续梁钢筋	t	480.0	/			/		按设计图示尺寸计算	钢筋按图纸下料、制作，焊接、绑扎并经验收合格，制作安装保护层水泥垫等全部工作内容等全部工作内容
		013	现浇梁钢绞线(满堂支架）	t	1100.0	/			/		按设计图纸的净长、规格换算的重量进行计量	钢绞线下料、安装、转运、绑扎、安装波纹管成孔、穿束、张拉、封锚、清孔并压浆等全部费用等全部工作内容
	09		桥面系、附属									
		001	桥面砼铺装	m3	100.0	/	甲方提供砼，损耗率1%以内	/	/		按设计图示尺寸以体积计量	周边简易模型安拆，灌注砼、振捣、抹面、精确收光并养护等全部工作内容
		002	遮板预制混凝土	m3	260.0	/	甲方提供砼，损耗率1%以内	/	/		按设计图纸的图示尺寸以体积计量	模板拼装和拆除、涂刷脱模剂、加固、砼浇注、振捣、洒水养生、清理工作面（包括材料堆码、清扫、迎检等文明施工工作）、人工配合叉车场内临时存放等全部工作内容
		003	遮板安装	m3	200.0	/	/	/	/		按设计图纸的图示尺寸以体积计量	场内运输、人工拌砂浆、吊装、就位、校正等全部工作内容
		004	遮板预制钢筋制作、安装	t	500.0	/	甲方提供钢筋、损耗率1%以内	/	/		设计图纸的净长、规格换算的重量进行计量，所有搭接、下脚料、定位钢筋均不予计量	钢筋除锈、调直，按图纸下料、制作，运输、焊接、绑扎、入模成型、清理工作面（包括材料堆码、清扫、迎检等文明施工工作）等全部工作内容
		005	砼栏杆、防撞墙、挡碴墙	m3	280.0	/	甲方提供砼、损耗率1%以内	/	/		按设计图示尺寸以立方米计量	桥面砼凿毛，预埋件安装，立、拆模，小型复杂木模的制作、安装、拆卸，砼浇注、振捣、养护、表面修饰，断缝处理等全部工作内容
		006	砼栏杆、防撞墙、挡碴墙防撞墙钢筋	t	500.0	/	甲方提供钢筋、损耗率1%以内	/	/		按设计图纸的净长、规格换算的重量进行计量	钢筋除锈、钢筋制作、绑扎等全部工作内容
		007	保护层混凝土	m3	80.0	/	甲方提供砼、损耗率1%以内	/	/		按设计图示尺寸以立方米计量	
		008	AB竖墙砼	m3	300.0	/	甲方提供砼、损耗率1%以内	/	/		按设计图示尺寸以立方米计量	桥面砼凿毛，预埋件安装，立、拆模，小型复杂木模的制作、安装、拆卸，砼浇注、振捣、养护、表面修饰，断缝处理等全部工作内容
		009	AB竖墙钢筋	t	500.0	/	甲方提供钢筋、损耗率1%以内	/	/		按设计图纸的净长、规格换算的重量进行计量	钢筋除锈、钢筋制作、绑扎等全部工作内容
		010	接触网基础C40砼	个	200.0	/	/	/	/		按设计图示尺寸以立方米计量	桥面砼凿毛，预埋件安装，立、拆模，砼浇注、振捣、养护等全部工作内容
		011	桥面系栏杆角钢、钢筋制安运输（含油漆材料费）	t	2000.0	/	甲方提供钢材、损耗率1%以内	/	/		按设计图纸的净长、规格换算的重量进行计量	原材除锈、下料、运输、安装、焊接、喷漆等为完成该项目的全过程工序（油漆喷涂H06-04环氧富锌底漆80μm，灰云铁环氧中间漆40μm，灰铝粉石墨面漆70μm）等全部工作内容
		012	伸缩缝	道	2400.0		耐候钢（/）
挡砟钢板（/）
钢筋（/）
钢管（/）	/	/		按甲方验收合格工程量计量	耐候钢装车、运输、卸车、安装，密封胶条安装，挡碴钢板、钢管、钢筋制作、装车、运输、安装
		013	防水层	㎡	10.0		防水卷材（/）
防水涂料（/）
粘结剂（/）	/	/		按甲方验收合格工程量计量	材料运输、装车、卸车,桥面清灰、找平,拌制涂刷粘结剂、铺设防水卷材、连接卷材接头、涂刷防水涂料、泄水管篦安装
		014	垫层	m³	170.0		纤维混凝土（1%）	/	/		按甲方验收合格工程量计量	半成品钢构件从加工厂运输至施工现场，装卸车、堆放、保管；吊装上墩（桥）、工地内倒运、堆码、保管；预埋件凿露、除锈处理，安装就位（含吊篮步板安装），预埋件封堵，焊缝等处防腐处理
		015	吊篮、防落梁、检查梯安装	孔	2600.0		钢构件（/）	/	/		按甲方验收合格工程量计量	半成品钢构件从加工厂运输至施工现场，装卸车、堆放、保管；吊装上墩（桥）、工地内倒运、堆码、保管；预埋件凿露、除锈处理，安装就位（含吊篮步板安装），预埋件封堵，焊缝等处防腐处理
		016	步板、盖板预制装车	m³	280.0		混凝土（1%）
半成品钢筋（/）	/	/		按甲方验收合格工程量计量	1、含模具购置、安拆、运输、混凝土浇筑、脱模、养护、堆放；2、作业面安全防护、文明施工等全部工作内容。
		017	步板、盖板钢筋加工绑扎	T	550.0		钢筋（1%）	/	/		按甲方验收合格工程量计量	1、钢筋卸车、堆放、调直、除锈、切断、弯制，钢筋半成品装运卸，现场焊接及绑扎、安放、定位、校正安装成等全 部工作内容；2、现场安全文明 施工等全部工作内容
		018	空心六棱块预制装车	m³	280.0		混凝土（1%）
半成品钢筋（/）	/	/		按甲方验收合格工程量计量	1、含模具购置、安拆、运输、混凝土浇筑、脱模、养护、堆放；2、作业面安全防护、文明施工等全部工作内容。
		019	声屏障桥翼缘板通桥（2012）2109-I	m3	1700.0		混凝土（损耗率2%）、钢筋（损耗率1%）、钢绞线（损耗率2%）水泥（损耗率1%）	/	/		按甲方验收合格工程量计量	1.桥面板、挡碴墙、遮板的混凝土施工及钢筋加工、绑扎、校正。2.整体模板制安，相应配件的定位安装，面板张拉、压浆、封锚、波纹管与锚垫板安装，桥面板防水层与保护层施工，桥面板伸缩装置的安装及混凝土施工，挡碴墙混凝土、声屏障基础的灌注、振捣、抹平、养护。 3.预埋件的校正及安装；4.各处接缝的修补。5. 清理现场施工残留物等所有相关工作内容。6.甲方提供混凝土、钢筋等主材，由乙方负责运输并根据现场情况进行倒运。
		020	声屏障桥翼缘板通桥（2012）2109-II	m3	1650.0		同上	/	/		按甲方验收合格工程量计量	同上
		021	桥面系安装通桥（2012）2101	m	460.0		同上	/	/		按甲方验收合格工程量计量	1.包含挡碴块、步行板、盖板、桥上人行道、支架、栏杆、电缆槽（单股）、围栏、吊篮、遮板等与桥面系相关的所有安装；2、搬运、转运材料，拌制砂浆，铺砂浆、运挡碴块，安装、校正挡碴块，勾缝，清灰等所有与桥面系工程有关的工作内容；3.对甲方提供的成品钢材制品进行小范围补漆；4.甲方提供预制挡碴块、步行板等成品材料，由乙方负责运输并根据现场情况进行倒运。
		022	桥面系安装（2012）2109	m	240.0		同上	/	/		按甲方验收合格工程量计量	1.包含挡碴块、步行板、盖板、桥上人行道、支架、栏杆、电缆槽（单股）、围栏、吊篮、遮板等与桥面系相关的所有安装；2、搬运、转运材料，拌制砂浆，铺砂浆、运挡碴块，安装、校正挡碴块，勾缝，清灰等所有与桥面系工程有关的工作内容；3.对甲方提供的成品钢材制品进行小范围补漆；4.甲方提供预制挡碴块、步行板等成品材料，由乙方负责运输并根据现场情况进行倒运。
		023	小型构件钢筋制安	t	550.0		钢筋（损耗率1%）	/	/		按甲方验收合格工程量计量	钢筋除锈、调直、切断、焊接成型、绑扎、运输、安装、以及钢筋检查等全部过程。埋件还包括铁件埋设、焊接固定等工序。
		024	小型构件模板安拆、砼浇筑	m³	280.0		混凝土（损耗率2%,水泥（损耗率1%）；	/	/		按设计计量	1、模板制安、混凝土灌注、振捣、抹平、养护、修补等所有相关工作内容。2.填写相关资料(资料不齐全扣除计价10%）；3.模板及其他施工残留物及时清理，保持施工现场的整洁；4.甲方提供混凝土、钢筋，由乙方负责运输并根据现场情况进行倒运。(工作内容包括但不限于混凝土场内倒运、混凝土浇筑、脱模、养护、存放、看护等工序)
		025	防落梁安装	孔	1000.0		防落梁挡块（/）	/	/		按甲方验收合格工程量计量	防落梁安装
		026	梁端伸缩缝钢盖板焊接	道	210.0		钢盖板（/）、焊条（1%）	/	/		按甲方验收合格工程量计量	梁端伸缩缝钢盖板焊接
		027	电缆槽运输安装（运输5km以内）	m³	160.0		电缆槽（1%）	/	/		按甲方验收合格工程量计量	电缆槽运输安装
		028	RPC盖板运输安装	m³	160.0		RPC盖板及其安装支架等配套配件（1%）	/	/		按甲方验收合格工程量计量	1、来料卸车：承包方根据自身施工需要与供料单位协商确定卸货地点，负责材料卸车，成品堆码，成品保护（遮盖篷布等），确保材料不丢失不损坏（丢失损坏由承包方负责）。2、二次倒运：根据施工需要将材料进行二次倒运至施工现场（倒运距离2公里内）。3、安装：对RPC盖板进行安装（包含吊装）、精调。4、施工所需所有材料的卸车、保管并按甲方要求分类堆码（费用包含在劳务单价内）。5、人员调遣、生活食宿与施工机具调遣、租赁、购买、日常维修、保养及修复工作（费用包含在劳务单价内）。6、所属区域的安全生产、文明施工、争先创优工作，配合业主、质监站、监理检查评比等工作；7、填写甲方需要的相关资料；8、完成领导交办的其他相关任务。
	10		框架桥									
		001	边坡喷锚网护坡（厚度5cm)	m2	25.0	/	甲方提供砼，损耗率1%以内	/	/	甲方负责电接至施工现场配电柜处；甲方提供钢筋加工场地（含行吊）；甲方提供施工主便道；甲方提供安全等标识标牌；甲方负责控制测量、试验、检测，但乙方须人工、机械配合	根据现场实际喷射面积计量，对喷射厚度进行破检	边坡清理，放线、刷坡，锌机编网制安，钢筋固定，泄水孔安装、喷射砼拌制、上料、喷射、养生、坡面散碎砼打扫、收回弹料等全部工作内容
		002	基底人工找平	m2	1.5	/		/	/		按照框架桥基底实际处理面积计算	基坑人工找平，土方弃运至基坑外50米等全部工作内容
		003	人工铺碎石（厚5cm )	m3	10.0	/	甲方提供碎石，损耗率1%以内	/	/		按照框架桥基底实际处理面积计算	人工摊铺碎石垫层等全部工作内容
		004	垫层砼（厚10cm )	m2	6.0	/	甲方提供砼，损耗率1%以内	/	/		按照框架桥基底实际处理面积计算	模板安拆、砼浇筑、振捣、养生、二次抹面等全部工作内容
		005	M10砂浆找平	m2	8.0	/	甲方提供砂浆	/	/		按照框架桥基底实际处理面积计算	砂浆摊铺、找平、抹面、养生等全部工作内容
		006	防水涂料（厚2mm）	m2	4.0	/	甲方提供防水涂料	/	/		按照框架桥基底实际处理面积计算	涂料搅拌、涂刷等全部工作内容
		007	垫层砼	m3	35.0	/	甲方提供砼、损耗率1%以内	/	/		按实际发生数量计	基坑底面人工整平，安拆模板，砼浇筑，振捣，养生等全部工作内容
		008	框架桥底板砼	m3	80.0	/	甲方提供砼、损耗率1%以内	/	/		按设计图示尺寸计量	搭拆脚手架、模板安拆、预埋件埋设、砼浇筑、振捣、养生、砼表面装修、堵拉杆孔、周转料场内转运等全部工作内容
		009	框架桥墙身、顶板砼	m3	260.0	/	甲方提供砼、损耗率1%以内	甲方提供模板	/		按设计图示尺寸计量	搭拆脚手架、模板安拆、预埋件埋设、砼浇筑、振捣、养生、砼表面装修、堵拉杆孔、周转料场内转运等全部工作内容
		010	框架桥钢筋制安	t	550.0	/	甲方提供钢筋、损耗率1%以内	/	/		按设计图示尺寸计量	钢筋按图纸下料、除锈、制作，焊接、绑扎，固定成型，并经验收合格，制作安装保护层垫块等全部工作内容
		011	框架桥TQF丙种防水层	m2	10.0	/	甲方提供防水材料	/	/		按设计图示尺寸计量	搭拆脚手架，防水层部分清除及洗刷，炼制沥青，浸制沥青麻布，配制石棉沥青，在垫层上铺设或抹防水层等全部工作内容
		012	沥青木板沉降缝	m2	18.0	/	甲方提供防水材料	/	/		按设计图示尺寸计量	木板制作、涂沥青及安装等全部工作内容
		013	人行道悬臂板砼	m³	220.0	/	甲方提供砼、损耗率1%以内	/	/		按设计图示尺寸以体积计量	搭拆脚手架、模板安拆、预埋件埋设、砼浇筑、振捣、养生、砼表面装修、堵拉杆孔、周转料场内转运等全部工作内容
		014	聚丙烯纤维网砼保护层（厚37mm）	m³	70.0	/	甲方提供砼、损耗率1%以内	/	/		按设计图示尺寸以体积计量	模板制、安、拆；砼浇筑、振捣、养生、预埋件安装等全部工作内容
		015	箱顶C40细石砼垫层	m³	70.0	/	甲方提供砼、损耗率1%以内	/	/		按设计图示尺寸以体积计量	模板制、安、拆；砼浇筑、振捣、养生、预埋件安装等全部工作内容
		016	U型槽砼（顶进）	m³	220.0	/	甲方提供砼、损耗率1%以内	/	/		按设计尺寸计量以体积计量	模板制、安、拆；拉杆制安拆；脚手架搭拆；砼浇筑、振捣、养生、预埋件安装等全部工作内容
		017	U型槽砼（顶进）钢筋制作、绑扎	t	550.0	/	甲方提供钢筋、损耗率1%以内	/	/		按设计图示尺寸计量	钢筋按图纸下料、除锈、制作，焊接、绑扎，固定成型，并经验收合格，制作安装保护层垫块等全部工作内容
		018	U型槽砼（现浇）	m³	200.0	/	甲方提供砼、损耗率1%以内	/	/		按设计尺寸计量以体积计量	模板制、安、拆；拉杆制安拆；脚手架搭拆；砼浇筑、振捣、养生、预埋件安装等全部工作内容
		019	氯化聚乙烯防水卷材	m2	5.0	/	甲方提供防水卷材	/	/		按设计尺寸计量	熬制沥青、铺防水材料，涂刷沥青两遍等全部工作内容
		020	聚氨酯防水涂料	m2	3.0	/	甲方提供防水涂料	/	/		按设计尺寸计量	基底处理，涂料搅拌、涂刷等全部工作内容
		021	氯丁橡胶平板止水带	m	3.0	/	甲方提供止水带	/	/		按设计尺寸计量	运料、制作安装，检查等全部工作内容
		022	遇水膨胀橡胶止水条	m	5.0	/	甲方提供止水条	/	/		按设计尺寸计量	运料、制作、安装、检查等全部工作内容
		023	C25速凝混凝土滑板	m3	80.0	/	甲方提供砼、损耗率1%以内	/	/		按设计图示尺寸计量	模板安拆、预埋件埋设、砼浇筑、振捣、养生、砼表面装修、周转料场内转运等全部工作内容
		024	C25速凝混凝土滑板钢筋制安	t	550.0	/	甲方提供钢筋、损耗率1%以内	/	/		按设计图示尺寸计量	钢筋按图纸下料、除锈、制作，焊接、绑扎，固定成型，并经验收合格，制作安装保护层垫块等全部工作内容
		025	工作坑边坡喷射混凝土（8cm厚）	m3	150.0	/	甲方提供砼、损耗率20%以内	/	/		按设计图示尺寸计算	搭、拆脚手架，安、拆、转移机具设备，砼拌合、喷射及养护等全部工作内容
		026	工作坑底板砼（现浇）	m³	60.0	/	甲方提供砼、损耗率1%以内	/	/		按设计图示尺寸计算	模板制、安、拆；支撑搭拆；砼浇筑、振捣、养生等全部工作内容
		027	工作坑底板钢筋制作、绑扎	t	550.0	/	甲方提供钢筋、损耗率1%以内	/	/		按设计图示尺寸计算	钢筋按图纸下料、除锈、制作，焊接、绑扎，固定成型，并经验收合格，制作安装保护层垫块等全部工作内容
		028	工作坑C25导向墩(现浇)砼	m³	100.0	/	甲方提供砼、损耗率1%以内	/	/		按设计图示尺寸计算	模板制、安、拆；支撑搭拆；砼浇筑、振捣、养生等全部工作内容
		029	工作坑导向墩钢筋制作、绑扎	t	550.0	/	甲方提供钢筋、损耗率1%以内	/	/		按设计图示尺寸计算	钢筋按图纸下料、除锈、制作，焊接、绑扎，固定成型，并经验收合格，制作安装保护层垫块等全部工作内容
		030	工作坑锚梁人工土方开挖	m3	20.0	/	/	/	/		按设计图示尺寸计算	人工开挖等全部工作内容
		031	工作坑C25锚梁	m³	100.0	/	甲方提供砼、损耗率1%以内	/	/		按设计图示尺寸计算	模板制、安、拆；支撑搭拆；砼浇筑、振捣、养生等全部工作内容
		032	工作坑C25后背梁砼（现浇）	m³	90.0	/	甲方提供砼、损耗率1%以内	/	/		按设计图示尺寸计算	模板制、安、拆；支撑搭拆；砼浇筑、振捣、养生等全部工作内容
		033	工作坑C25片石砼后背墙	m3	80.0	/	甲方提供砼、损耗率1%以内	/	/		按设计图示尺寸计算	模板制、安、拆；支撑搭拆；砼浇筑、振捣、养生等全部工作内容
		034	工作坑后背梁钢筋	t	550.0	/	甲方提供钢筋、损耗率1%以内	/	/		按设计图示尺寸计算	钢筋按图纸下料、除锈、制作，焊接、绑扎，固定成型，并经验收合格，制作安装保护层垫块等全部工作内容
		035	工作坑底板碎石垫层	m³	8.0	/	甲方提供砼、损耗率1%以内	/	/		按设计图示尺寸计算	铺筑，整平，分层碾压等全部工作内容
		036	工作坑滑动层M30砂浆	m3	40.0	/	甲方提供砂浆	/	/		按设计尺寸计量以体积计量	砂浆配运料、拌合、运输、铺设、抹平等全部工作内容
		037	工作坑底板润滑层涂油	m2	2.0	/	/	/	/		按设计尺寸计量	配料、拌和、涂蜡等全部工作内容
		038	工作坑底板与顶镐间钢板制作（10mm厚）	t	550.0	/	甲方提供钢板	/	/		按设计尺寸以重量计量	制作全部工作内容
	11		涵洞工程									
		001	浆砌片石锥体	m3	289.065	片石1.15m3，砂浆0.35m3	/	/	/	甲方负责电接至施工现场配电柜处；甲方提供钢筋加工场地（含行吊）；甲方提供施工主便道；甲方提供安全等标识标牌；甲方负责控制测量、试验、检测，但乙方须人工、机械配合	按设计图示尺寸以体积计量	选修片石并洗刷，试放，拌制砂浆、铺浆、挂线砌筑，挤浆并找平、勾缝、整理及养护等全部工作内容
		002	钢筋制安	t	550.0	/	甲方提供钢筋、损耗率1%以内	/	/		按设计图纸的净长、规格换算的重量进行计量，所有搭接、下脚料、定位钢筋均不予计量	钢筋按图纸下料、制作、焊接、绑扎并经验收合格，制安保护层水泥垫块等全部工作内容
		003	基础砼	m3	80.0	/	甲方提供砼、损耗率1%以内	/	/		按设计图示尺寸以体积计量	模板安拆，涂脱模剂，模板支撑加固，支架安拆，浇注砼、振捣、养护、安插接茬石等全部工作内容
		004	盖板涵身边墙、底板砼、顶板砼、涵端墙、翼墙、帽石砼	m3	270.0	/	甲方提供砼、损耗率1%以内	/	/		按设计图示尺寸计量	竹胶板模板制安拆，模板支撑加固，支架安装拆除，浇筑砼、振捣、养护等全部工作内容
		005	框架涵身边墙、底板砼、顶板砼、涵端墙、翼墙、帽石砼	m3	300.0	/	甲方提供砼、损耗率1%以内	/	/		按设计图示尺寸计量	竹胶板模板制安拆，模板支撑加固，支架安装拆除，浇筑砼、振捣、养护等全部工作内容
		006	流水坡、垫层砼灌注	m3	40.0	/	甲方提供砼、损耗率1%以内	/	/		按设计图示尺寸以体积计量	砼灌注、振捣及养护，抹面等全部工作内容
		007	防水层	m2	6.0	/	甲方提供防水层材料	/	/		按设计图示尺寸以体积计量	熬制沥青、铺防水材料，涂刷沥青两遍等全部工作内容
		008	沥青木板沉降缝	m2	18.0	/	甲方提供沉降缝材料	/	/		按设计图示尺寸以体积计量	木板制作、涂沥青及安装等全部工作内容
		009	基础土方开挖，运距1km	m3	8.0	/	/	/	/		以技术交底开挖设计量计量	挖掘机挖装土并运至基坑口外50m，人工修整边坡及基坑底面，基坑维护等全部工作内容
		010	基础石方开挖，运距1km	m3	21.0	/	/	/	/		按设计图示压实断面尺寸计算	基坑石方爆破，挖掘机就位、开挖工作面、挖、装、运1km、清理工作面等全部工作内容
三			隧道及明洞工程									
	01		隧道开挖									
		001	洞口土方开挖(运输1km以内)	m3	7.0	/	/	/	/	/	按图示的断面计算	挖掘机就位、开挖工作面、挖、装、运、卸、空回、清理工作面、弃土场整理等全部工作内容
		002	洞口软石开挖(运输1km以内)	m3	12.0	/	/	/	/	/	按图示的断面计算	挖掘机就位、开挖工作面、挖、装、运、卸、空回、清理工作面、弃土场整理等全部工作内容
		003	洞口坚石开挖(运输1km以内)	m3	20.0	/	/	/	/	/	按图示断面尺寸乘以长度以体积计量	打眼、装药、防护、引爆、清理、解小、推土机配合推运、装卸、运输等全部工作内容
		004	洞身开挖综合单价（双线）	m3	77.0	/	/	/	/	甲方负责大电接至洞口处；甲方提供炸药库；甲方提供洞外施工主便道；甲方提供安全等标识标牌；甲方负责控制测量、试验、检测，但乙方须人工、机械配合	按图示（不计设计允许超挖、预留变形量）的设计断面计算。含沟槽和各种附属洞室的开挖数量	包括开挖台车移位、维护维修，钻机的维修保养、开挖钻机风水管的接引、布孔、钻眼、钻孔、清孔、装药、爆破、修整、钻杆、钻头、炸药、附属油料、零配件、电费、出渣及空回等一切费用。
			详细分解如下			/	/	/	/			
			洞身开挖	m3	32.0	/	/	/	/			
			三管两路费用摊销	m3	4.5	/	/	/	/			
			电费	m3	11.0	/	/	/	/			
			扒渣、装渣	m3	11.9	/	/	/	/			
			隧道出渣（洞内+洞外1km）	m3	13.4	/	/	/	/			
			空压机	m3	1.1	/	/	/	/			
			通风机	m3	0.45	/	/	/	/			
			凿岩机	m3	1.4	/	/	/	/			
			钻孔台车	m3	0.45	/	/	/	/			
			栈桥	m3	0.8	/	/	/	/			
		005	自卸汽车每增运1km	m3	1.1	/	/	/	/			
		006	溶洞处理钻孔Φ50mm	m	55.0	/	/	/	/		按实际施工长度计算	钻机就位、钻孔、孔位转移等全部工作内容
		007	溶洞处理注浆	t	65.0	/	甲方提供水泥、水玻璃	/	/		按照注浆用水泥、水玻璃的重量结算	施工准备，水泥浆拌制、压浆，材料运输、倒运，安全文明施工等全部工作内容
		008	溶洞处理回填砼	m3	20.0	/	甲方提供砼、损耗率1%以内	/	/		按照实际回填数量结算	施工准备，搭设支架、安拆泵管，浇筑砼，振捣密实，清洗泵管、养生等全部工作内容
	02		支护									
		001	钢筋网加工运输安装	t	650.0	/	甲方提供钢筋、损耗率1%以内	/	/	甲方负责大电接至洞口处；甲方提供钢筋加工场地（含行吊）；甲方提供洞外施工主便道；甲方提供安全等标识标牌；甲方负责控制测量、试验、检测，但乙方须人工、机械配合	按设计尺寸计量。	钢筋除锈、加工、焊接、运输、安装，挂网、点焊、加固等全部工作内容
		002	砂浆锚杆	m	11.0	/	甲方提供锚杆、损耗率1%以内；注浆材料	/	/		按设计尺寸计量。	搭、拆脚手架及平台，钻孔、砂浆制作、灌浆、安装锚杆，封锚等全部工作内容
		003	中空注浆锚杆	m	11.0	/	甲方提供锚杆、损耗率1%以内；注浆材料	/	/		按设计尺寸计量。	搭、拆脚手架及平台，钻孔、砂浆制作、灌浆、安装锚杆，封锚等全部工作内容
		004	Φ42超前小导管	m	12.0	/	甲方提供小导管、损耗率1%以内；注浆材料	/	/		按设计尺寸计量。	钢管制作、运输、布眼、钻孔、顶管、砂浆制作、注浆等全部工作内容
		005	超前大管棚钻孔、顶管、注浆(Φ89～108)	m	110-125	/	甲方提供大管棚、损耗率1%以内；注浆材料	/	/		按照实际施工长度计算	场地清理、搭脚手架、布眼、钻机就位、钻孔、清孔、钢管制作、就位、顶进、注浆等全部工作内容
		006	格栅钢架	t	1150.0	/	甲方提供钢筋、损耗率1%以内	/	/		按设计尺寸计量。	钢筋调直、弯曲，型钢加工制作、运输，焊接，连接件制作，安装等全部工作内容
		007	型钢钢架	t	950.0	/	甲方提供型钢、损耗率1%以内	/	/		按设计尺寸计量。	型钢加工制作、运输，焊接，连接件制作，安装等全部工作内容
		008	洞内喷射C20砼（湿喷）	m3	260.0	/	甲方提供喷射砼、损耗率80%以内（超挖和预留沉降造成的回填以及回弹量）	/	/		按设计图示尺寸计算（超挖、预留沉降、回弹量不单独计量，费用含在综合单价中）	搭、拆脚手架，安、拆、转移机具设备，砼拌合、喷射及养护（湿喷）等全部工作内容
		009	喷射普通砼及纤维砼（潮喷）	m3	220.0	/		/	/			搭、拆脚手架，安、拆、转移机具设备，砼拌合、喷射及养护（潮喷）等全部工作内容
	03		二次衬砌									
		001	拱、墙砼（水沟采用同一单价）	m3	90.0	/	甲方提供砼、损耗率5%以内（超挖和预留沉降造成的回填、台车造成的）	甲方提供二衬台车	/	甲方负责大电接至洞口处；甲方提供钢筋加工场地（含行吊）；甲方提供洞外施工主便道；甲方提供安全等标识标牌；甲方负责控制测量、试验、检测，但乙方须人工、机械配合	按设计尺寸计量。	衬砌砼浇注，台车移动、维修及更换易损件，制安挡头板模型，安装渗水管等全部工作内容
		002	仰拱砼	m3	50.0	/	甲方提供砼、损耗率1%以内	/	/		按设计尺寸计量。	仰拱顶面清理、挡头板模型制安拆，砼灌注、振捣、安插接茬钢筋、抹面、养护等全部工作内容
		003	仰拱填充砼	m3	40.0	/	甲方提供砼、损耗率1%以内	/	/		按设计尺寸计量。	仰拱顶面清理、挡头板模型制安拆，砼灌注、振捣、安插接茬钢筋、抹面、养护等全部工作内容
		004	钢筋	t	560.0	/	甲方提供钢筋、损耗率1%以内	/	/		按完工后设计数量计量。	钢筋除锈、加工、运输、搭拆脚手架、绑扎、焊接、加固等全部工作内容
	04		防水工程									
		001	防水板	m2	5.0	/	甲方提供防水板，损耗率5%以内	防水板台车甲方提供钢材、乙方加工	/	甲方负责大电接至洞口处；甲方提供洞外施工主便道；甲方提供安全等标识标牌；甲方负责控制测量、试验、检测，但乙方须人工、机械配合	按完工后设计数量计量。	搭拆工作平台，钻眼钉锚、敷设及焊接防水板及明洞涂刷防水涂料等全部工作内容
		002	土工布	m2	1.5	/	甲方提供土工布，损耗率2%以内		/		按完工后设计数量计量。	清理铺设面、运料、铺设土工布、搭接并固定等全部工作内容
		003	止水条	m	2.0	/	甲方提供止水条，损耗率2%以内		/		按完工后设计数量计量。	运料、制作安装，检查等全部工作内容
		004	止水带	m	5.0	/	甲方提供止水带，损耗率4%以内		/		按完工后设计数量计量。	运料、制作安装，检查等全部工作内容
四			轨道工程									
	01		新建铁路									
			正线									
		001	人工铺轨（1667根/km）	km	55000.0		轨枕、钢轨、扣配件，损耗率均为0；硫磺(损耗率2%)、砂子(损耗率3%)、水泥(损耗率2%)、石蜡(损耗率2%)；	/	/	/	按甲方验收合格工程量计量	根据甲方的供料计划收料、卸车，按照图纸要求将钢轨、轨枕等材料沿线人工散布在路基上。挂线散枕、摆排轨枕、硫磺锚固、钢轨划印、方正轨枕，散布与安装钢轨配件和轨枕扣件，上油、检修、拨荒道，轨枕底垫碴及配合完成本项工作所需零星作业等。
		002	连续梁段人工铺轨	km	130000.0		同上	/	/	/	按甲方验收合格工程量计量	按照图纸要求将钢轨、轨枕等材料沿线人工散布在连续梁上。挂线散枕、摆排轨枕、硫磺锚固、钢轨划印、方正轨枕，散布与安装钢轨配件和轨枕扣件，上油、检修、拨荒道，轨枕底垫碴及配合完成本项工作所需零星作业等。
		003	人工整道（160km/h）	km	45000.0		/	/	/	/	按甲方验收合格工程量计量	人工平整道碴、起道、串碴、方正轨枕、紧固扣件、紧固鱼尾板和鱼尾螺栓、补扣件、补丢失的鱼尾板和连接配件、捣固道床、拨正轨道方向、起拨三角坑、根据要求速度设置曲线外轨超高、人工匀碴、封碴、回填枕盒内道碴、螺栓涂油，配合大机作业，路容路貌整理，道床成型达到设计断面要求，100m范围内材料倒运等全部工作内容。自带起拨道机、液压捣固机等与完成本工作所需的所有小型机具。
		004	底砟摊铺	m3	16.0		甲方提供道砟	/	/	/	按甲方验收合格工程量计量	道砟运至现场后协助卸车、倒运、摊铺、碾压、整形、挖槽、撒灰线等。
		005	钢轨打眼	个	40.0		/	/	/	/	按甲方验收合格工程量计量	含人工费、打眼机使用费、燃油动力费等费用。
		006	锯轨（标准轨）	处	50.0		/	/	/	/	按甲方验收合格工程量计量	含人工费、锯轨机使用费、锯片等费用。
		007	倒运轨枕	根	12.0		/	/	/	/	按甲方验收合格工程量计量	含装卸轨枕、倒运及配合完成本项工序所需的零星作业等。单价含本项工序所需的人工、机械、工器具、零星材料等费用。平均运距5km。
		008	换铺长轨	铺轨公里	15000.0		轨料（含钢轨、轨枕、扣配件）	/	/	/	按甲方验收合格工程量计量	配合长轨卸车、加固巡养、换铺长轨、涂油、更换胶垫及补充扣件、回收调整块等余料、桥梁段工具轨拨至护轮轨承轨槽内、路基段工具轨拨至道砟边坡、紧固扣件、恢复线路及完成本项工序所需的零星作业等。
		009	人工配合单元焊	铺轨公里	5500.0		/	/	/	/	按甲方验收合格工程量计量	焊前打磨、锯轨、垫钢轨、配合焊轨、拆装扣件、支垫滚筒、串轨、恢复线路、合拢口及配合完成本项工序所需的零星作业等。
		010	应力放散锁定	铺轨公里	13500.0		/	/	/	/	按甲方验收合格工程量计量	施工准备、扒道砟（少量影响放散施工的砟）、松扣件、安装滚轮支撑钢轨、安拆拉伸器和撞轨器、长轨应力放散、紧扣件、道床整理、方正接头轨枕、线路锁定、锯轨、打眼、焊前打磨、配合焊轨、标定锁定轨温、放散后涂油、恢复线路及完成本项工序所需的零星作业等。
		011	正火打磨	一个焊头	1050.0		/	/	/	/	按甲方验收合格工程量计量	正线焊头的正火、粗磨、细磨等达到技术规范要求及完成本项工序所需的零星作业；型式检验试验焊头的钢轨搬运、焊前打磨、锯轨、除锈、正火、粗磨、细磨等达到技术规范要求及完成本项工序所需的零星作业。
		012	护轮轨安装	km	25000.0		钢轨、扣配件，损耗率均为0	/	/	/	按甲方验收合格工程量计量	含扣配件途卸、散扣件、上扣件、连接鱼尾板、锯轨、打眼、插入短轨及完成本项工序所需的零星作业等。
		013	梭头安装	一座桥	1600.0		护轨梭头（损耗率为0）	/	/	/	按甲方验收合格工程量计量	含材料卸车、梭头安装、锯轨、打眼及完成本项工序所需的零星作业等。
		014	抽换电容枕（路基段）	根	220.0		护轨梭头（损耗率为0）	/	/	/	按甲方验收合格工程量计量	含扒碴、抽换枕木、回填道碴、旧枕码放及完成本项工序所需的零星作业等。更换线路失效枕木按抽换电容枕单价进行验工计价。
		015	抽换电容枕（桥隧段）	根	320.0		电容枕（损耗率为0）	/	/	/	按甲方验收合格工程量计量	同上
		016	路容路貌整理	km	6000.0		/	/	/	/	按甲方验收合格工程量计量	人工匀碴、封碴、回填枕木盒内道碴、整理道床，道床外观、几何尺寸整理至设计规范要求及完成本项工序所需的零星作业等。含补砟后的道床整理，清理步行板、人行道、枕木上表面、扣配件道碴，清理枕木盒内高于枕木面道碴等。
		017	钢轨铝热焊	一个焊头	2200.0		电容枕（损耗率为0）	/	/	/	按甲方验收合格工程量计量	焊前准备、钢轨端头打磨、除锈、钢轨对正、立砂模、预热、装焊药、放置坩埚、点火、钢水浇注、拆除砂模、推瘤、热打磨、冷打磨、焊头检测等及完成本项工序所有的零星作业。含甲方提供材料的领料、倒运、看护等。
		018	胶接冻接接头	一个接头	1600.0		胶接冻结接头材料（损耗率为0）	/	/	/	按甲方验收合格工程量计量	钢轨准备、绝缘缝切割、钻孔、打磨除锈、干燥处理、对轨、预安装、和成胶泥、螺栓紧固、电阻检测及完成本工序所需的零星作业。
			站线									
		019	人工铺轨（1520根/km）	km	55000.0		轨枕、钢轨、扣配件，损耗率均为0；硫磺(损耗率2%)、砂子(损耗率3%)、水泥(损耗率2%)、石蜡(损耗率2%)；	/	/	/	按甲方验收合格工程量计量	根据甲方的供料计划收料、卸车，按照图纸要求将钢轨、轨枕等材料沿线人工散布在路基上。挂线散枕、摆排轨枕、硫磺锚固、钢轨划印、方正轨枕，散布与安装钢轨配件和轨枕扣件，上油、检修、拨荒道，轨枕底垫碴及配合完成本项工作所需零星作业等。
		020	人工整道（120km/h）	km	45000.0		/	/	/	/	按甲方验收合格工程量计量	人工平整道碴、起道、串碴、方正轨枕、紧固扣件、紧固鱼尾板和鱼尾螺栓、补扣件、补丢失的鱼尾板和连接配件、捣固道床、拨正轨道方向、起拨三角坑、根据要求速度设置曲线外轨超高、人工匀碴、封碴、回填枕盒内道碴、螺栓涂油，配合大机作业，路容路貌整理，道床成型达到设计断面要求，100m范围内材料倒运等全部工作内容。自带起拨道机、液压捣固机等与完成本工作所需的所有小型机具。
		021	人工铺设道岔60Kg/m 1/12单开（专线4249）	组	45000.0		道岔（损耗率为0）	/	/	/	按甲方验收合格工程量计量	整平场地，选配与吊散道岔、砼枕、钢轨、涂绝缘膏、安装道岔及配件、整修工作，上碴整道、捣固、沉落整修、调整至达到设计验收标准，岔料100m范围内人工倒运等全部工作内容。
		022	人工铺设道岔50Kg/m 1/12单开（专线4257）	组	40000.0		道岔（损耗率为0）	/	/	/	按甲方验收合格工程量计量	同上
		023	人工铺设道岔50Kg/m 1/9单开（CZ2209）	组	38000.0		道岔（损耗率为0）	/	/	/	按甲方验收合格工程量计量	同上
		024	人工铺设道岔60Kg/m 1/18单开（GLC(07)02）	组	60000.0		道岔（损耗率为0）	/	/	/	按甲方验收合格工程量计量	同上
		025	道岔应力放散	组	4500.0		/	/	/	/	按甲方验收合格工程量计量	含松扣件、长轨应力放散、紧扣件、道床整理、锁定、标定锁定轨温、放散后涂油及完成本项工序所需的零星作业等。
		026	路容路貌整理	km	6000.0		/	/	/	/	按甲方验收合格工程量计量	人工匀碴、封碴、回填枕木盒内道碴、整理道床，道床外观、几何尺寸整理至设计规范要求及完成本项工序所需的零星作业等。含补砟后的道床整理，清理步行板、人行道、枕木上表面、扣配件道碴，清理枕木盒内高于枕木面道碴等。
		027	钢轨铝热焊	一个焊头	2200.0		铝热焊剂（损耗率为1%）	/	/	/	按甲方验收合格工程量计量	焊前准备、钢轨端头打磨、除锈、钢轨对正、立砂模、预热、装焊药、放置坩埚、点火、钢水浇注、拆除砂模、推瘤、热打磨、冷打磨、焊头检测等及完成本项工序所有的零星作业。含甲方提供材料的领料、倒运、看护等。
		028	胶接冻接接头	一个接头	1600.0		胶接冻结接头材料（损耗率为0）	/	/	/	按甲方验收合格工程量计量	钢轨准备、绝缘缝切割、钻孔、打磨除锈、干燥处理、对轨、预安装、和成胶泥、螺栓紧固、电阻检测及完成本工序所需的零星作业。
		029	土挡砌筑	处	6000.0		水泥2%、砂子3%、砖块2%	/	/	/		土挡材料倒运、砌筑、抹面等，及配合完成本项工作所需零星作业。
	02		改建铁路								按甲方验收合格工程量计量	
		001	配合换枕机换枕	公里	16000.0		轨枕（损耗率为0）	/	/	/	按甲方验收合格工程量计量	拆卸扣件、扒碴、配合换枕机换枕、紧固扣件、方枕、封碴、配合完成本项工作所需零星作业等。
		002	人工连续换枕(路基枕）	根	150.0		轨枕（损耗率为0）	/	/	/	按甲方验收合格工程量计量	含扒碴、抽换枕木、回填道碴、线路养护、路容整理、旧枕码放及完成本项工序所需的零星作业等。
		003	人工连续换枕（桥梁段）	根	180.0		轨枕（损耗率为0）	/	/	/	按甲方验收合格工程量计量	同上
		004	人工卸轨枕（火车平板）	根	10.0		轨枕（损耗率为0）	/	/	/	按甲方验收合格工程量计量	卸轨枕及配合完成本项工作所需零星作业等。
		005	点内拆除道岔、铺设轨排、起整线路、回收旧料	组	120000.0		轨枕、钢轨、扣配件，损耗率均为0；硫磺(损耗率2%)、砂子(损耗率3%)、水泥(损耗率2%)、石蜡(损耗率2%)	/	/	/	按甲方验收合格工程量计量	点前准备，拆除旧道岔、回收旧料至指定地点堆码、线路铺设（工作内容同人工铺轨）、上底砟、上面砟、起拨道捣固、线路整形、整修、路容路貌整理、材料倒运，配合验交及完成本工序所需的零星作业。
		006	拆除既有线路或道岔、预铺道岔、点内插铺道岔（P60-12#）、整修道岔、回收旧料	组	150000.0		道岔（损耗率为0）	/	/	/	按甲方验收合格工程量计量	平整场地，搭设预铺道岔平台，抬摆岔枕，预拼道岔。点前准备，拆除既有线路或道岔，扒碴，点内插入道岔（含拆除轨道及道岔前后25m范围内拆铺轨），回填道碴，整修精调，捣固、拨道开通，拆除预铺平台，含48小时养护工作，岔料50m范围内人工倒运等全部工作内容。旧料30m内分类集中，人工配合装车、倒运旧料至指定地点卸车、堆码及完成本工序所需的零星作业。
		007	拆除既有线路或道岔、预铺道岔、点内插铺道岔（P60-18#）、整修道岔、回收旧料	组	220000.0		道岔（损耗率为0）	/	/	/	按甲方验收合格工程量计量	同上
		008	拆除既有线路或道岔、预铺道岔、点内插铺道岔（P60-12#复式交分道岔）、整修道岔、回收旧料	组	260000.0		道岔（损耗率为0）	/	/	/	按甲方验收合格工程量计量	同上
		009	拆除线路及回收旧料	km	25000.0		/	/	/	/	按甲方验收合格工程量计量	拆除线路接头，拆卸加强设备，起道钉，卸螺栓，掀出钢轨、轨枕，旧轨料至指定地点回收堆码，配合完成本项工作所需零星作业等。
		010	点内换轨、配合放散、正火打磨	km	65000.0		/	/	/	/	按甲方验收合格工程量计量	点前准备，换铺长轨、涂油、更换胶垫及补充扣件，焊前打磨、锯轨、垫钢轨、配合焊轨、拆装扣件、支垫滚筒、串轨、合拢口、恢复线路，扒道砟（少量影响放散施工的砟）、松扣件、安装滚轮支撑钢轨、安拆拉伸器和撞轨器、长轨应力放散、紧扣件、道床整理、方正接头轨枕、线路锁定、锯轨、打眼、焊前打磨、配合焊轨、标定锁定轨温、放散后涂油、恢复线路，焊头的正火、粗磨、细磨等达到技术规范要求，及完成本项工序所需的零星作业等。点内必须按甲方要求完成所有工序。
		011	点内线路拨接	m	900.0		/	/	/	/	按甲方验收合格工程量计量	点前准备，扒开道床、拨移线路（平均拨移幅度1.5m）、上砟、回填道砟、起道、串砟、捣固、方枕、整形整修、调轨距、紧螺栓、整理道床直至达到技术和设计规范要求，旧料30m内分类集中，人工配合装车、倒运旧料至指定地点卸车、堆码，配合验交及配合完成本项工作所需的零星作业。
	03		板式无砟轨道									
			Ⅰ型轨道板									
		001	Ⅰ型板预制砼	m3	150.0	/	甲方提供砼、损耗率1%以内	/	/	/	按完工后设计数量计量。	清除模板、组装内、外模、涂脱模剂、安装及固定预埋件、砼自搅拌站至生产区运输、浇注、覆盖养生；轨道板拆模、吊装至检测区、检测整修、弹线、编号、入水养生生产区、搅拌站和砼运输线上的清理、洗石等全部工作内容
		002	Ⅰ型板预制钢筋	t	400.0	/	甲方提供钢筋、损耗率1%以内	/	/	/	按完工后设计数量计量。	钢筋切断、弯曲加工、钢筋骨架组立、焊接接地端子钢筋骨架堆码存放、吊装等全部工作内容
		003	Ⅰ型板场内运输存放	块	30.0	/	/	吊车	/	/	按完工后实际数量计量。	轨道板自养生池内吊装、运输、场内倒运、存放等全部工作内容
		004	Ⅰ型板底座砼	m3	100.0	/	甲方提供砼、损耗率1%以内	/	/	/	按完工后设计数量计量。	立模板、调模板、倒运模板、浇筑底座、凸台砼、倒运混凝土、按拆泵管、养生、安装水管、基准器配合安装、伸缩缝处理、灌缝等全部工作内容
		005	Ⅰ型板底座钢筋（绝缘带绑扎）	t	1100.0	/	甲方提供钢筋、损耗率1%以内	/	/	/	按完工后设计数量计量。	人工加工、绑扎、辅助装卸车、凸台钢筋加工、绑扎砼垫块的制、安等全部工作内容
		006	Ⅰ型轨道板铺装、粗调	块	110.0	/	/	/	/	/	按完工后设计数量计量。	轨道板倒运配合；临时提升站吊装配合（含吊耳安拆）；轨道板线上运输卷扬机司机、轨道板铺设；底座砼面清扫、轨道板安装、调板、固定 场地清理和文明施工，支撑吊耳收集、转场等全部工作内容
		007	Ⅰ型板凸型挡台树脂灌注	块	25.0	/	/	/	/	/	按完工后设计数量计量。	凸型挡台树脂搬运、灌注袋粘贴、树指搅拌、灌注、灌注袋割除、场地清理等全部工作内容
		008	Ⅰ型板CA砂浆灌注	块	150.0	/	/	/	/	/	按完工后设计数量计量。	CA砂浆供应站材料卸车、搬运、储存；CA砂浆车上料；CA砂浆站材料看护；CA砂浆灌袋铺设、灌注、挤浆等全部工作内容
		009	Ⅰ型板-轨道精调	m	26.0	/	/	/	/	/	按完工后设计数量计量。	人工调整轨道、松、紧扣件、填塞垫片、安全防护等全部工作内容
			Ⅱ型轨道板									
		010	Ⅱ型板预制砼	m3	115.0	/	甲方提供砼、损耗率1%以内	/	/	/	按完工后设计数量计量。	场区及搅拌站卫生清洁、人工配合机械洗石、人工配合机械砂石料倒运，模板清理、安装（含粗调、精调、端模及橡胶条的安装、分丝隔板的安装），喷涂脱模剂（含材料），混凝土运输、吊运、入模、振捣、刮平、刷毛、养护（含烧锅炉及管道维护），调高垫块的安装，毛坯板的脱模，毛坯板的静停存放、运输、吊装、存板区存放、养护，毛坯板的吊运、倒运、为翻转机喂板、翻板、滚轮输送线的运输，成品板打磨、刻字，预埋套管孔的清理、注油，扣件的安装（含卸车、保管、场内运输），成品板的绝缘检测、外运、吊运、存放、倒运、装车、轨道板的修补及装修（达到合格标准），以及各种材料的场内运输、倒运 ，场区内各种机械设备的操作（龙门吊、磨床、张拉系统、温控系统由甲方指定人员操作）、维护保养（含黄油）、维修配合，场区卫生的每班清扫、文明施工以及各项认证、检查、参观、学习等各项活动的配合；各项明示或者施工需要而未明示的全部工作内容
		011	Ⅱ型板钢筋	t	280.0	/	/	/	/		按完工后设计数量计量。	钢材卸车、堆码、除锈、调直，钢筋网片绑扎、吊运、存放、倒运、绝缘检测、安装，接地端子及接地扁钢的焊接（含焊接机具及材料），预埋套管安装，预应力钢筋卸车、存放、下料、运输、安装、张拉、放张、切割，钢筋加工区各种机械设备的操作、维护保养（含黄油）、维修配合，钢筋加工区卫生的每班清扫、文明施工以及各项认证、检查、参观、学习等各项活动的配合;各项明示或者施工需要而未明示的全部工作内容
		012	Ⅱ型轨道板粗铺	块	50.0	/	/	/	/		按完工后设计数量计量。	铺板基准点安装、弹线；运水、轨道板清洗、配合机械吊装上桥、保护套安装、粗铺以及轨道板破损装修；轨道板存板材料的转场人工配合及铺板龙门吊现场维修、保养等全部工作内容
		013	Ⅱ型轨道板精调	块	65.0	/	/	/	/	/	按完工后设计数量计量。	精调机具安装、拆除、清洗、倒运；轨道板精调、底座板标高微处理、砂浆灌注前复测、砂浆灌注后复测；配合必要的揭板及二次精调；现场材料保管；精调工具领用、维护、保管等全部工作内容
		014	Ⅱ型轨道板乳化沥青砂浆灌注	块	210.0	/	/	/	/	/	按完工后设计数量计量。	钻孔、锚杆安装、拆除、倒运；板腔清理、润湿；封边及压紧装置安装、拆除、倒运；沥青砂浆拌制、配合吊装、农用车运输、灌注、舀浆、砂浆养护；沥青站及干粉料仓的装、卸车人工配合；S型钢筋加工、运输、安装以及配合必要的揭板及二次灌注；现场材料、机具的维修、保养、保管及砂浆车看守等全部工作内容
		015	滑动层铺设（二布一膜、梁端高强挤塑板安装）	m2	1.5	/	/	/	/	/	按完工后设计数量计量。	桥面清扫（两布一膜铺设前，用洁净高压水及高压风冲洗桥面）、弹线、涂刷聚氨脂胶水、铺设二布一膜滑动层、梁端高强度挤塑料板铺设、高强挤塑板上塑料薄膜覆盖、材料起吊、运输等全部工作内容
		016	底座砼浇筑	m3	85.0	/	甲方提供砼、损耗率1%以内	/	/	/	按完工后设计数量计量。	模板（含支撑）运输、安装、拆除、清理、刷油；端头木模制作、运输、安装、拆除、清理；(底座、侧向挡块、窄、宽接缝等一切砼)浇筑、振捣、整平、收面、拉毛、养生（采用薄膜＋土工布覆盖洒水养护）；砼外露面修补等全部工作内容
		017	底座钢筋制、运、吊、安	t	500.0	/	甲方提供钢筋、损耗率1%以内	/	/	/	按完工后设计数量计量。	钢筋下料、制作、运输、吊装、堆码、倒运；保护层垫块、运输、吊装、安装；后浇带连接器制作、安装；齿槽剪力筋的制作、安装与套筒连接；端刺区钢筋制、运、安；预埋件制作、运输、安装；钢筋除锈；后浇带外露筋防锈处理等全部工作内容
		018	钻孔植筋	孔	25.0	/	/	/	/	/	按完工后设计数量计量。	钻孔、清孔；钢筋制作、运输、安装；注胶等全部工作内容
		019	窄缝、宽缝砂浆、砼	条	50.0	/	/	/	/	/	按完工后设计数量计量。	模板制、安、拆、运；砼浇注、养生等全部工作内容
		020	底座张拉	条	5.0	/	/	/	/	/	按完工后设计数量计量。	材料领用、运输、上桥、安装、张拉等全部工作内容
	04		双块式无砟轨道									
		001	浇注支撑层混凝土	m3	55.0	/	甲方提供砼、损耗率1%以内	/	/	/	按完工后设计数量计量。	模板（含支撑）运输、安装、拆除、清理、刷油；端头木模制作、运输、安装、拆除、清理；浇筑砼、养生等全部工作内容
		002	道床钢筋制安	t	800.0	/	甲方提供钢筋、损耗率1%以内	/	/	/	按完工后设计数量计量。	钢筋倒运，按图纸下料、制作，焊接、绑扎，接地钢筋焊接、销钉安装等全部工作内容
		003	桥梁人工铺轨枕、铺钢轨、粗调、精调	单线延米	70.0	/	/	/	/	/	按完工后设计数量计量。	配合放线、弹线、卸轨枕、散枕，摆排轨枕（桥上含铺方木），方木收集捆绑，倒运钢轨、起道、上螺杆调节器，粗调、钢轨支撑系统（轨距撑杆、横向撑杆），精调、安装轨枕桁架固定筋、钢轨清理、凸台铺土工布、弹性材料安装等完成桥梁人工铺轨枕、铺钢轨、粗调、精调等全部工作内容
		004	路基、隧道人工铺轨枕、铺钢轨、粗调、精调	单线延米	60.0	/	/	/	/	/	按完工后设计数量计量。	配合放线、弹线、卸轨枕、散枕，摆排轨枕，方木收集捆绑，倒运钢轨、起道、上螺杆调节器，粗调、钢轨支撑系统（轨距撑杆、横向撑杆），精调、安装轨枕桁架固定筋、钢轨清理等完成路基人工铺轨枕、铺钢轨、粗调、精调等全部工作内容
		005	道床板C40砼	m3	120.0	/	甲方提供砼、损耗率1%以内	/	/	/	按完工后设计数量计量。	配合放线、模板打磨上油、立模加固，模板运输、制安拆，人工配合机械浇注砼，模板清洗，砼铺土工布养护，钢轨轨枕清理、转运模板及支撑等完成道床板C40砼的全部工作内容
		006	桥涵底座钢筋	t	550.0	/	/	/	/	/	按完工后设计数量计量。	配合放线、模板打磨上油、立模加固，模板运输、制安拆，人工配合机械浇注砼，模板清洗，砼铺土工布养护，钢轨轨枕清理、转运模板及支撑等完成道床板C40砼的全部工作内容
		007	桥涵底座砼	m3	100.0	/	甲方提供砼、损耗率1%以内	/	/	/	按完工后设计数量计量。	模板（含支撑）运输、安装、拆除、清理、刷油；端头木模制作、运输、安装、拆除、清理；(底座、侧向挡块、窄、宽接缝等一切砼)浇筑、振捣、整平、收面、拉毛、养生（采用薄膜＋土工布覆盖洒水养护）；砼外露面修补等全部工作内容
五			混凝土拌合运输									
		001	砼拌合费用	m3	15.0	/	甲方按配比提供拌合原材料	/	甲方提供拌合机	甲方提供拌合站场地建设、高压电力干线、安全等标识标牌	按实际拌合砼量计算	配料、拌制、出料及清洗等全部工作内容
		002	砼运输费用  运距≤5km	m3	25.0	/	/	/	/	/	砼数量按实际运输数量计列	等待装料、运输、卸料、空回、清洗车辆
		003	砼运输增运费	m3•km	2.0	/	/	/	/	/	砼数量按实际运输数量计列，增运不足0.5Km的，四舍五入不计，0.5－ 1.0Km的按1Km计列	等待装料、运输、卸料、空回、清洗车辆
六			铁路临时工程									
		001	围墙、隔墙等砌筑工程	m³	160.0	/	甲方提供砖、砂浆	/	/	/	按现场实际围墙、隔墙长度与设计墙厚、墙高之积计算	砌筑用材料的场内倒运，砌筑用灰浆拌制，脚手架提供、搭拆、维护、场内外运输，铺浆、砌筑、养护，各类管线通道及洞口预留、预 埋，门窗洞口预留，现场清理等所有相关工序和费用
		002	地面砼硬化	m³	60.0	/	甲方提供砼	/	/	/	按现场实际完成且不超设计的合格圬工体积计算	混凝土泵送、场内运输、浇筑、振捣、养护，各类管线通道及洞口预留；消防、通风管道、通道预埋、预留，相关洞槽预留
		003	垫层混凝土	m³	50.0	/	甲方提供砼	/	/	/	按现场实际完成且不超设计的合格体积计算	下承层整平、夯实、模板安拆、垫层、浇筑砼
、养护
		004	制梁、存梁台座砼	m³	100.0	/	甲方提供砼	/	/	/	按现场实际完成且不超设计的合格体积计算	模板安拆、浇筑砼、养护
		005	料仓隔墙砼	m³	150.0	/	甲方提供砼	/	/	/	按现场实际完成且不超设计的合格体积计算	模板安拆、浇筑砼、养护
		006	20mm砂浆抹面	m²	8.0	/	甲方提供砂浆	/	/	/	按现场实际完成的合格圬工面积计算	抹灰材料场内倒运、灰浆拌制，基层清理、刷浆、打底、抹灰、清面、压光、养护、现场清
理以及相关工序和费用
		007	钢筋制作、安装	t	550.0	/	甲方提供钢筋	/	/	/	按设计图示尺寸计算重量，不计搭接、损耗	制作、运输、绑扎
		008	钢构件加工制作	t	1000.0	/	甲方提供钢材	/	/	/	按设计图示尺寸计算重量，不计搭接、损耗	钢筋绑扎胎具、钢筋吊具、内膜台架、蒸养棚的制作安装及为完成上述工作项目所必须的其它辅助工作项目
		009	地板砖铺设	m²	22.0	/	甲方提供砂浆、地板砖	/	/	/	按现场实际完成且不超设计的合格面积计算	清理基层、调运水泥砂浆及刷素水泥浆、试排弹线、锯板修边、铺贴饰面、擦缝、清理净面
		010	贴墙砖	m²	25.0	/	甲方提供砂浆、地板砖	/	/	/	按现场实际完成且不超设计的合格面积计算	清理修补基层表面、打底抹灰、砂浆找平、选料、抹结合层砂浆、贴磁砖、擦缝、清洁表面
		011	人工挖土方	m³	20.0	/	/	/	/	/	按现场实际完成且不超设计的合格体积计算	挖土、装土、将土倒至地面、修理底边、拍底
