公路、市政工程劳务分包/专业分包指导价												
项	序号	编号	细目名称	单位	指导价（元）		费用组成（采用反向描述的方式，列举出所有甲方承担的费用，除此以外的全部费用由乙方承担，费用包含在单价中）				计量规则	工作内容
					单价	调价	甲方提供材料及限额损耗率	甲方提供的周转材料	甲方提供的机械、设备费	施工措施等其它费用		
一			路基工程									
	01		路基清表									
		001	清理现场表土	m2	1.2	/	/	/	/	/	按实际完成合格工程量计算	场地清理，砍树挖根，放边界线，推土机(挖掘机）推/挖表土，将表土移出路基范围以外或汇集，原地面平整、压路机压实原地面至设计要求等全部工作内容
		002	钢筋混凝土结构拆除	m3	180.0	/	/	/	/	/	按实际完成合格工程量计算	机械设备进出场、镐头凿拆，分类堆积 ，装车运输1km;钢筋归甲方所有
		003	混凝土结构拆除	m3	100.0	/	/	/	/	/	按实际完成合格工程量计算	机械设备进出场、镐头凿拆，分类堆积 ，装车运输1km;
		004	砖、石及其他砌体结构的拆除	m3	40.0	/	/	/	/	/	按实际完成合格工程量计算	机械设备进出场、镐头凿拆，分类堆积 ，装车运输1km;
		005	凿除混凝土路面(20cm)	m3	45.0	/	/	/	/	/	按实际完成合格工程量计算	机械设备进出场、镐头凿拆，分类堆积 ，装车运输1km;
	02		土石方									
		001	人工挖排水沟土方	m3	20.0	/	甲方不提供材料,代乙方采购柴油等，从乙方计价中扣除，发票归甲方	/	/	甲方提供施工主便道；甲方提供安全等标识标牌；甲方负责控制测量、试验、检测，但乙方须人工、机械配合；甲方提供取、弃土场，但不负责其堆放、整理	按设计图示开挖断面尺寸计算	挖土、抛土、修整成型、弃土短距离运输（不超过1km）等全部工作内容
		002	挖掘机挖装土、自卸汽车运1km，弃土场整理	m3	6.0	柴油0.35kg					按实际测量方量计量，但不超过设计量	挖掘机就位、开挖工作面、挖、装、运、卸、空回、修整边坡、清理工作面、弃土场整理等全部工作内容
		003	自卸汽车运土、每增运0.5km	m3	0.6	柴油0.1kg					方量计算同上，运距按现场实测运距计算（小于0.2Km不计列，超过0.3Km按0.5Km计算）	运、卸土，空回等全部工作内容
		004	土方填筑	m3	4.5	柴油0.2kg					按实际完成的设计断面净体积计量。宽填、沉降量回填不计价；路基填方总量对下计价不得大于设计量。	原地面平整、分层均平、压实、修整路堤边坡及路面，取水洒水，路基边坡流水槽修筑等全部工作内容
		005	路基填筑(借土)挖、装、运1km、碾压	m3	10.5	柴油0.55kg						挖掘机就位，开辟工作面，填料挖、装、运、卸、空回，料场清理工作面、边坡修整，填料破碎解小，分层整平，翻晒，取水洒水，碾压，精平，路基边坡修整等全部工作内容
		006	挖掘机挖装淤泥、自卸汽车运1km，弃土场整理	m3	13.0	柴油0.55kg					以实际测量的数量计算	挖掘机挖装淤泥，自卸汽车运、弃至弃土场，清淤后水塘底处理，弃土场整理等全部工作内容
		007	淤泥每增运1km	m3	1.4	柴油0.2kg					按实测增运公里数计算	运、卸土，空回等全部工作内容
		008	石方爆破	m3	9.5	炸药0.2kg	代乙方采购爆破材料、柴油等，从乙方计价中扣除，发票归甲方	/	/	甲方负责建炸药库；甲方提供施工主便道；甲方提供安全等标识标牌；甲方负责控制测量、试验、检测，但乙方须人工、机械配合；甲方提供取、弃土场，但不负责其堆放、整理。	按实际测量方量计量，但不超过设计量；无需爆破、可直接开挖的石方不计价。	开工作面、收放皮管、换钻杆钻头，钻机就位、选炮位、钻眼、清眼、装药、填塞，安全警戒、引爆及检查结果，排险、撬落、撬移、解小、清理等全部工作内容
		009	石方挖装、自卸汽车运1km，弃土场整理	m3	7.5	柴油0.45kg					按实际测量方量计量，但不超过设计量	挖掘机就位、开工作面、挖、装、运、卸、空回、修整边坡、检底、清理工作面、弃土场整理等全部工作内容
		010	自卸汽车增运石方、每增运0.5km	m3	0.7	柴油0.1kg					按设计断面方计量	运、卸土，空回等全部工作内容
		011	石方填筑	m3	5.0	柴油0.2kg					按设计图示压实断面方计算	机械整平石方、人工解小并摊平，碾压、洒水等全部工作内容
		012	机械凿打岩石(非爆破情况下破碎岩石)	m3	40.0	/	/	/	/	/	按天然密实方计算	挖掘机就位，开辟工作面，镐头安装、镐头机破除，修整边坡，挖掘机就位、开辟工作面、挖土、装车、移动位置、推土机清理余土、运1km、卸土，空回、清理工作面、便道修整、取、弃土场整理等全部工作内容
		013	围堰、工作平台挖运填筑	m³	9.5	/	/	/	/	/	按现场实际填筑断面计算	挖装运土、推土机推、填筑围堰及平台等
		014	编织袋围堰	m³	45.0	/	/	/	/	/	按照实际填筑计算	场地整理、装袋、堆码等全部工作内容
		015	砾石砂、碎石垫层	m³	5.0	/	甲方提供碎(砾)石至现场	/	/	/	按实际铺设断面计算	铺筑、整平、分层碾压等相关工作内容
	03		软基处理及防护									
		001	双向水泥搅拌桩（自发电桩径0.5m）	m	13.0	/	甲方提供水泥	/	/	甲方负责电接至施工现场配电柜处；甲方提供施工主便道；甲方提供场地；甲方提供安全等标识标牌；甲方负责控制测量、试验、检测，但乙方须人工、机械配合	按实际完成米数计算	机械进出场、移机、就位、柴油发电机发电、水泥倒运、水泥浆搅拌、成孔（按甲方要求四搅二喷一停）等完成施工的所有内容、确保桩基检测满足甲方要求，空钻部分不计价
		002	双向水泥搅拌桩（网电桩径0.5m）	m	12.0	/	甲方提供水泥	/	/		按实际完成米数计算	机械进出场、移机、就位、水泥倒运、水泥浆搅拌、成孔（按甲方要求四搅二喷一停）等完成施工的所有内容、确保桩基检测满足甲方要求，空钻部分不计价
		003	旋喷桩（0.5m桩径)（路基）	m	35.0	/	甲方提供水泥	/	/		按设计图示尺寸以桩长计算	清理现场，钻机就位、钻孔、移位，配置浆液，喷射装置就位、注浆、移位，泥浆池清理，机具清洗及操作范围内料具搬运
		004	旋喷桩（0.6m桩径)（路基）	m	40.0	/	甲方提供水泥	/	/		按设计图示尺寸以桩长计算	清理现场，钻机就位、钻孔、移位，配置浆液，喷射装置就位、注浆、移位，泥浆池清理，机具清洗及操作范围内料具搬运
		005	粉喷桩（0.5m桩径)（路基）	m	8.0	/	甲方提供水泥	/	/		按设计图示尺寸以桩长计算	清除石块和杂物、整平场地，钻机移位、对位、井架调直、钻进，提升喷灰，不喷灰提钻、灰罐上料
		006	袋装砂井	m	3.0	/	甲方提供砂	/	/		按设计图示尺寸以桩长计量	装砂袋，定位，打拨钢管，下砂袋，起重机、桩机移位等全过程
		007	碎石桩（桩径0.5m)	m	14.0	/	甲方提供碎石	/	/		按设计图示尺寸以桩长计算	安、拆振冲器，振冲、填碎石，疏导泥浆，场内临时道路维护
		008	碎石桩（桩径0.6m)	m	15.0	/	甲方提供碎石	/	/		按设计图示尺寸以桩长计算	安、拆振冲器，振冲、填碎石，疏导泥浆，场内临时道路维护
		009	φ0.4mCFG桩(长螺旋钻孔，网电)	m	14.0	/	甲方提供砼、损耗率1%以内	/	/		按设计图示桩顶至桩底的长度计算	清理场地、整平；测量放线、钻机就位；准备钻具、钻孔；砼灌注（含泵送费）、提管移位、凿桩头及操作范围内料具搬运
		010	φ0.4mCFG桩(长螺旋钻孔，自发电)	m	16.0	/	甲方提供砼、损耗率1%以内	/	/		按设计图示桩顶至桩底的长度计算	清理场地、整平；测量放线、钻机就位；准备钻具、钻孔；砼灌注（含泵送费）、提管移位、凿桩头及操作范围内料具搬运
		011	φ0.5mCFG桩(长螺旋钻孔，网电)	m	16.0	/	甲方提供砼、损耗率1%以内	/	/		按设计图示桩顶至桩底的长度计算	清理场地、整平；测量放线、钻机就位；准备钻具、钻孔；砼灌注（含泵送费）、提管移位、凿桩头及操作范围内料具搬运
		012	φ0.5mCFG桩(长螺旋钻孔，自发电)	m	18.0	/	甲方提供砼、损耗率1%以内	/	/		按设计图示桩顶至桩底的长度计算	清理场地、整平；测量放线、钻机就位；准备钻具、钻孔；砼灌注（含泵送费）、提管移位、凿桩头及操作范围内料具搬运
		013	CFG桩桩帽	m3	130.0	/	甲方提供砼、损耗率1%以内	/	/		按实际数量计算	挖除桩间土，模板安拆，加固，涂脱模剂，人工配合浇筑砼，洒水养生等全部工序。
		014	CFG破桩头	个	15.0	/	/	/	/		按设计数量计算	破除桩头砼，配合桩检
		015	土工织物、格栅网	m²	0.8	/	甲方提供土工材料	/	/		按实际铺设断面计算	土工布保管、剪裁、铺设、固定等相关工作内容
		016	填筑水泥改良土（厂拌，运1KM）	m3	12.5	/	甲方提供水泥，损耗率0%	/	/		按照设计图示压实断面尺寸计算	集中拌和、运输；分层摊平，压实，精平，修整边坡，取水洒水，养护等全部工作内容
		017	挖装运填筑水泥改良土（路拌机路拌，运1KM）	m3	13.0	/		/	/		按照设计图示压实断面尺寸计算	土源挖、装、运、堆码；现场机械拌和；分层摊平，压实，精平，修整边坡，取水洒水，养护等全部工作内容
		018	填筑石灰改良土（厂拌，运1KM）	m3	12.5	/	甲方提供石灰，损耗率0%	/	/		按照设计图示压实断面尺寸计算	灰消解、焖灰、取水洒水、集中拌和、运输；分层摊平，压实，精平，修整边坡，养护等全部工作内容
		019	挖装运填筑石灰改良土（路拌机路拌，运1KM）	m3	13.0	/		/	/		按照设计图示压实断面尺寸计算	土源挖、装、运、堆码；石灰消解、焖灰、取水洒水、现场机械拌和；分层摊平，压实，精平，修整边坡，养护等全部工作内容
		020	冲击碾压（碾压20遍）	m2	2.0	/	/	/	/		按照实际需要处理的投影面积计量	机械就位及移位、按技术交底规定进行碾压至满足设计要求（至少碾压20遍）、碾压后配合检测、机械进退场等全部工作内容
		021	强夯（夯击6遍）	m2	10.0	/	/	/	/		按照实际需要处理的投影面积计量	夯机就位及移位、按技术交底规定进行夯击至满足设计要求（至少夯击6遍）、夯击后配合检测、测设夯点、夯机进退场等全部工作内容
		022	重锤夯实（夯击6遍）	m2	7.0	/	/	/	/		按照实际需要处理的投影面积计量	夯机就位及移位、按技术交底规定进行夯击至满足设计要求（至少夯击6遍）、夯击后配合检测、测设夯点、夯机进退场等等全部工作内容
		023	抛填片石	m3	8.0	/	甲方提供片石	/	/		按实际方量	人工配合机械抛填片石,整平,碾压等全部工作内容
		024	湿喷桩（0.5m桩径)/自发电	m	10.5	/	甲方提供水泥	/	/		按设计图示尺寸以桩长计算	机械进出场、材料场地内运输、桩机按拆就位、放样定位、钻进、调制水泥浆、输送压浆、搅拌提升、重复喷浆钻进搅拌、重复搅拌提升、成桩完毕、移位、清理工作面、防护、配合桩检等全部工作内容
		025	湿喷桩（0.5m桩径)/网电	m	9.0	/	甲方提供水泥	/	/		按设计图示尺寸以桩长计算	机械进出场、材料场地内运输、桩机按拆就位、放样定位、钻进、调制水泥浆、输送压浆、搅拌提升、重复喷浆钻进搅拌、重复搅拌提升、成桩完毕、移位、清理工作面、防护、配合桩检等全部工作内容
		026	框架锚杆施工	m	70.0	/	甲方提供锚杆、损耗率1%以内；灌浆材料	/	/		按照实际施工长度计算	搭、拆脚手架及平台，钻孔、灌浆、安装锚杆，封锚等全部工作内容
		027	框架梁砼	m3	450.0	/	甲方提供砼、损耗率1%以内	/	/		按照设计图示尺寸计算	备料,施作找平层，挖槽，模板及支撑制安、拆，砼水平及垂直内运输、浇注、捣固、养护等全部工作内容
		028	框架梁钢筋制安	t	550.0	/	甲方提供钢筋、损耗率1%以内	/	/		按设计或变更设计图纸的净长、规格换算的重量进行计量，所有搭接、下脚料、定位钢筋、预埋件及冷却管均不予计量。钢筋边脚料所有权归甲方。	钢筋去污除锈、制作、绑扎、焊接并经验收合格,制作安装保护层水泥垫块等全部工作内容
		029	预应力锚索φ≤49mm	m	35.0	/	甲方提供锚索、锚具，损耗率0%；混凝土，损耗率1%	/	/		按设计图示尺寸以米计算	脚手架搭拆；钻孔、清孔；锚索、锚具制安；砂浆配料(含外加剂)、拌制、锚固段注浆；锚墩混凝土浇筑；锚索张拉，张拉段注浆，锚头封闭防护；防腐处理等全部工作内容
		030	预应力锚索49＜φ＜130mm	m	85.0	/	甲方提供锚索、锚具，损耗率0%；混凝土，损耗率1%	/	/		按设计图示尺寸以米计算	脚手架搭拆；钻孔、清孔；锚索、锚具制安；砂浆配料(含外加剂)、拌制、锚固段注浆；锚墩混凝土浇筑；锚索张拉，张拉段注浆，锚头封闭防护；防腐处理等全部工作内容
		031	预应力锚索φ≥130mm	m	130.0	/	甲方提供锚索、锚具，损耗率0%；混凝土，损耗率1%	/	/		按设计图示尺寸以米计算	脚手架搭拆；钻孔、清孔；锚索、锚具制安；砂浆配料(含外加剂)、拌制、锚固段注浆；锚墩混凝土浇筑；锚索张拉，张拉段注浆，锚头封闭防护；防腐处理等全部工作内容
		032	路基附属干砌片石	m3	150.5	片石1.15m3	/	/	/		按设计图示尺寸计算实砌体积	选、修石料，搭、移跳板，砌筑、勾缝、养生、材料倒运
		033	浆砌片石护脚（含人工开土槽）	m3	239.065	片石1.15m3，砂浆0.35m3	/	/	/		按现场实际完成合格工程量计量	人工开挖土槽，并运至工作面外30m，修整边坡及沟槽底面清理，拌、运砂浆，选、修、运、破碎石料，搭、移跳板，砌筑、勾缝、养生等全部工作内容
		034	路堤浆砌片石骨架（含人工开土槽）	m3	319.065	片石1.15m3，砂浆0.35m3	/	/	/		按现场实际完成合格工程量计量	人工开挖土槽，并运至工作面外30m，修整边坡及沟槽底面清理，拌、运砂浆，选、修、运、破碎石料，搭、移跳板，砌筑、勾缝、养生等全部工作内容
		035	路堑浆砌片石骨架（含人工开土槽）	m3	329.065	片石1.15m3，砂浆0.35m3	/	/	/		按现场实际完成合格工程量计量	人工开挖土槽，并运至工作面外30m，修整边坡及沟槽底面清理，拌、运砂浆，选、修、运、破碎石料，搭、移跳板，砌筑、勾缝、养生等全部工作内容
		036	浆砌片石边坡	m3	269.065	片石1.15m3，砂浆0.35m3	/	/	/		按设计图示尺寸计算	拌、运砂浆，选、修石料，搭、移跳板，砌筑、勾缝、养生、材料倒运等全部工作内容
		037	浆砌片石水沟	m3	259.065	片石1.15m3，砂浆0.35m3	/	/	/		按现场实际完成合格工程量计量	人工开挖土槽，并运至工作面外30m，修整边坡及沟槽底面清理，拌、运砂浆，选、修、运、破碎石料，搭、移跳板，砌筑、勾缝、养生
		038	挡土墙基础混凝土	m3	60.0	/	甲方提供砼、损耗率1%以内	/	/		按设计图示尺寸计算实砌体积	备料；模板及支撑制作、安装、拆除；混凝土配运料，拌和、运输、浇筑、捣固、养生；搭、拆脚手架等全部工作内容
		039	挡土墙墙身混凝土	m3	125.0	/	甲方提供砼、损耗率1%以内	/	/		按设计图示尺寸计算实砌体积	备料；模板及支撑制作、安装、拆除；混凝土配运料，拌和、运输、浇筑、捣固、养生；搭、拆脚手架等全部工作内容
		040	挡土墙浆砌片石	m3	244.065	片石1.15m3，砂浆0.35m3	/	/	/		按设计图示尺寸计算实砌体积	选、修石料；拌、运砂浆；搭、拆脚手架；砌筑、勾缝，养生；沉降缝胶泥制作与填抹；排水空下的胶泥铺设与孔口填石、材料转运等全部工作内容
		041	路基护坡种草	m2	1.5	/	/	/	/		按图纸所示尺寸并经验收合格以平方米为单位计量	撒草籽，施肥、洒水等全部费用。
		042	路基植草皮	m2	4.5	/	/	/	/		按图纸所示尺寸并经验收合格以平方米为单位计量	铺草皮，施肥、洒水等全部费用。
		043	喷播植草	m2	6.5	/	/	/	/		按图纸所示尺寸并经验收合格以平方米为单位计量	喷播植草，施肥、洒水等全部费用。
		044	三维网植草	m2	18.0	/	/	/	/		按图纸所示尺寸并经验收合格以平方米为单位计量	清理边坡，拌料，挂网、制作安装U型钉、现场喷播，施肥，浇水，覆盖透水土工膜养护，清理场地，成活率100%。
		045	水沟盖板预制（500*500mm）	m3	240.0	/	甲方提供砼、损耗率1%以内	/	/		按现场实际完成合格工程量计量	模具安装、拆除、维护，钢筋下料、加工、绑扎、安装，砼浇注、振动、养护，成品堆码场地内材料运输等全部工作内容
		046	水沟盖板运输安装（含运距5km）	m3	150.0	/	/	/	/		按现场实际完成合格工程量计量	运输、挂线、座浆、安装等全部工作内容
		047	小型构件预制（0.015m3以内）	m3	280.0	/	甲方提供砼、损耗率1%以内	/	/		按现场实际完成合格工程量计量	模具安装、拆除、维护，砼浇注、振动、养护，成品堆码场地内材料运输等全部工作内容
		048	小型构件预制（0.015m3以外）	m3	240.0	/	甲方提供砼、损耗率1%以内	/	/		按现场实际完成合格工程量计量	模具安装、拆除、维护，砼浇注、振动、养护，成品堆码场地内材料运输等全部工作内容
		049	小型构件钢筋制安	t	550.0	/	甲方提供钢筋、损耗率1%以内	/	/		按实际安设的钢筋长度计算，搭接长度不计	钢筋按图纸下料、制作，焊接、绑扎并经验收合格，制作安装保护层水泥垫块等全部工作内容
		050	小型构件运输安装（含运距5km）	m3	150.0	/	/	/	/		按现场实际完成合格工程量计量	运输、安装场地整理，铺装，勾缝等全部工作内容
		051	C20排水沟混凝土浇注	m3	70.0	/	甲方提供砼、损耗率1%以内	/	/		按设计图示尺寸计算	模板制、安、拆、灌注砼、振捣、养护等全部工作内容
		052	护脚、路肩混凝土浇注	m3	70.0	/	甲方提供砼、损耗率1%以内	/	/		按设计图示尺寸计算	模板制、安、拆、灌注砼、振捣、养护等全部工作内容
		053	现浇护坡（不含骨架）	m3	120.0	/	甲方提供砼、损耗率1%以内	/	/		按设计图示尺寸计算	模板制、安、拆、灌注砼、振捣、养护等全部工作内容
		054	现浇拱形骨架护坡（含人工开土槽）	m3	300.0	/	甲方提供砼、损耗率1%以内	/	/		按设计图示尺寸计算	模板制、安、拆、灌注砼、振捣、养护等全部工作内容
		055	过渡段回填混凝土	m3	50.0	/	甲方提供砼、损耗率1%以内	/	/		按设计图示尺寸计算	模板制、安、拆；支撑搭拆；砼浇筑、振捣、养生等全部工作内容
		056	锥体护坡、检查台阶M10浆砌片石	m3	288.82	片石1.15m3，砂浆0.35m3	/	/	/		按现场实际完成合格工程量计量	人工开挖土槽，并运至工作面外30m，修整边坡及沟槽底面清理，拌、运砂浆，选、修、运、破碎石料，搭、移跳板，砌筑、勾缝、养生等全部工作内容
二			路面工程									
		001	水泥稳定碎石摊铺（厚150mm）	m2	4.0	/	水稳料，损耗率0%	/	/	甲方负责建站；甲方负责电接至施工现场配电柜处；甲方提供安全等标识标牌；甲方负责控制测量、试验、检测，但乙方须人工、机械配合	按设计计算面积计算	设备进场、安装调试；清理下承层；现场摊铺、碾压、覆盖、洒水、养生、人工辅助等全部工作
		002	水泥稳定碎石摊铺（厚180mm）	m2	4.2	/	水稳料，损耗率0%	/	/		按设计计算面积计算	设备进场、安装调试；清理下承层；现场摊铺、碾压、覆盖、洒水、养生、人工辅助等全部工作
		003	水泥稳定碎石摊铺（厚200mm）	m2	4.4	/	水稳料，损耗率0%	/	/		按设计计算面积计算	设备进场、安装调试；清理下承层；现场摊铺、碾压、覆盖、洒水、养生、人工辅助等全部工作
		004	封层	m2	1.2	/	封层、透层材料，损耗率0%	/	/		按实际收方数量计算，但不得超过设计工程量	预拌，运输，铺筑
		005	粘层、透层	m2	0.6	/	封层、透层材料，损耗率0%	/	/		按实际收方数量计算，但不得超过设计工程量	预拌，运输，铺筑
		006	细粒式沥青混凝土摊铺（厚40mm）	m2	3.1	/	沥青砼，损耗率0%	/	/		按设计计算面积计算	设备进场、安装调试；清理下承层；现场摊铺、碾压、草袋覆盖、人工辅助等全部工作
		007	中粒式沥青混凝土摊铺（厚50mm）	m2	3.1	/	沥青砼，损耗率0%	/	/		按设计计算面积计算	设备进场、安装调试；清理下承层；现场摊铺、碾压、草袋覆盖、人工辅助等全部工作
		008	粗粒式沥青混凝土摊铺（厚60mm）	m2	3.1	/	沥青砼，损耗率0%	/	/		按设计计算面积计算	设备进场、安装调试；清理下承层；现场摊铺、碾压、草袋覆盖、人工辅助等全部工作
		009	粗粒式沥青混凝土摊铺（厚70mm）	m2	3.1	/	沥青砼，损耗率0%	/	/		按设计计算面积计算	设备进场、安装调试；清理下承层；现场摊铺、碾压、草袋覆盖、人工辅助等全部工作
		010	粗粒式沥青混凝土摊铺（厚90mm）	m2	3.1	/	沥青砼，损耗率0%	/	/		按设计计算面积计算	设备进场、安装调试；清理下承层；现场摊铺、碾压、草袋覆盖、人工辅助等全部工作
		011	水泥混凝土路面(20cm)	m2	16.0	/	砼，损耗率2%	/	/		按实际收方数量计算，但不得超过设计工程量	立模板，铺筑，振捣，刻防滑槽，接缝处理，传力钢筋制作安装等全部工作内容。
		012	水稳拌合	t	3.0	/	按配合比提供原材料	/	拌合设备		按实际吨数计算	上料、拌合等。
		013	沥青拌合	t	15.0	/	按配合比提供原材料	/	拌合设备		按实际吨数计算	上料、拌合等。
		014	水稳运输 1km	t	2.0	/	/	/	/		按实际吨数计算	运输、空回等。
		015	水稳运输 增运1km	t	0.65	/	/	/	/		按实际吨数计算	运输、空回等。
		016	沥青运输 1km	t	2.0	/	/	/	/		按实际吨数计算	运输、空回等。
		017	沥青运输 增运1km	t	0.7	/	/	/	/		按实际吨数计算	运输、空回等。
		018	人行道板铺设	m2	40.0	/	甲方提供面板	/	/		按实际收方数量计算，但不得超过设计工程量	垫层及面板材料运输、垫层整形碾压，面板铺设
		019	安砌平石	m	10.0	/	甲方提供平石、砂浆	/	/		按实际收方数量计算，但不得超过设计工程量	水泥砂浆座浆安装，垫层铺设，安砌
		020	安砌侧石	m	12.0	/	甲方提供侧石	/	/		按实际收方数量计算，但不得超过设计工程量	水泥砂浆座浆安装，安砌
三			管道工程									
	01		砼管道铺设									
		001	Φ230管道铺设	m	21.329722767487	/	甲方提供管材、砼	/	/	/	按设计图纸计算	基础砼浇注、管道吊装、不含土石方开挖回填，接口采用承插连接、橡胶圈密封（详见国标06MS201-1-23）；基础做法:120°C20砼基础（详见图集 06MS201-1-1）
		002	Φ300管道铺设	m	31.9945841512305	/	甲方提供管材、砼	/	/	/	同上	同上
		003	Φ400管道铺设	m	43.7259316733484	/	甲方提供管材、砼	/	/	/	同上	同上
		004	Φ450管道铺设	m	47.9918762268458	/	甲方提供管材、砼	/	/	/	同上	同上
		005	Φ500管道铺设	m	53.3243069187175	/	甲方提供管材、砼	/	/	/	同上	同上
		006	Φ600管道铺设	m	66.1221405792097	/	甲方提供管材、砼	/	/	/	同上	同上
		007	φ800管道铺设	m	87.4518633466967	/	甲方提供管材、砼	/	/	/	同上	同上
		008	φ1000管道铺设	m	127.978336604922	/	甲方提供管材、砼	/	/	/	按设计图纸计算	基础砼浇注、管道吊装、不含土石方开挖回填，接口采用承插连接、橡胶圈密封（详见国标06MS201-1-28）；基础做法:120°C20砼基础（详见图集 06MS201-1-17）
		009	φ1200管道铺设	m	170.637782139896	/	甲方提供管材、砼	/	/	/	同上	同上
		010	φ1350管道铺设	m	202.632366291127	/	甲方提供管材、砼	/	/	/	同上	同上
		011	φ1500管道铺设	m	234.626950442357	/	甲方提供管材、砼	/	/	/	同上	同上
		012	φ1650管道铺设	m	255.956673209844	/	甲方提供管材、砼	/	/	/	同上	同上
		013	φ1800管道铺设	m	277.286395977331	/	甲方提供管材、砼	/	/	/	同上	同上
		014	φ2000管道铺设	m	298.616118744818	/	甲方提供管材、砼	/	/	/	同上	同上
		015	φ2200管道铺设	m	319.945841512305	/	甲方提供管材、砼	/	/	/	同上	同上
		016	φ2400管道铺设	m	341.275564279792	/	甲方提供管材、砼	/	/	/	同上	同上
		017	φ2600管道铺设	m	362.605287047279	/	甲方提供管材、砼	/	/	/	同上	同上
	02		钢筋砼管道铺设									
		001	φ300管道铺设	m	21.329722767487	/	甲方提供管材	/	/	/	按设计图纸计算	下管，铺管、调直，调制接口材料，管口打麻面，水泥砂浆接口、养护、闭水实验
		002	φ400管道铺设	m	27.7286395977331	/	甲方提供管材	/	/	/	同上	同上
		003	φ500管道铺设	m	31.9945841512305	/	甲方提供管材	/	/	/	同上	同上
		004	φ600管道铺设	m	42.659445534974	/	甲方提供管材	/	/	/	同上	同上
		005	φ700管道铺设	m	51.1913346419688	/	甲方提供管材	/	/	/	同上	同上
		006	φ800管道铺设	m	56.5237653338406	/	甲方提供管材	/	/	/	同上	同上
		007	φ900管道铺设	m	61.8561960257123	/	甲方提供管材	/	/	/	同上	同上
		008	φ1000管道铺设	m	66.1221405792097	/	甲方提供管材	/	/	/	同上	同上
		009	φ1200管道铺设	m	90.6513217618198	/	甲方提供管材	/	/	/	同上	同上
		010	φ1400管道铺设	m	117.313475221179	/	甲方提供管材	/	/	/	同上	同上
		011	φ1500管道铺设	m	138.643197988666	/	甲方提供管材	/	/	/	同上	同上
		012	φ1600管道铺设	m	149.308059372409	/	甲方提供管材	/	/	/	同上	同上
		013	φ1800管道铺设	m	159.972920756153	/	甲方提供管材	/	/	/	同上	同上
		014	φ2000管道铺设	m	170.637782139896	/	甲方提供管材	/	/	/	同上	同上
		015	Φ2200管道铺设	m	181.30264352364	/	甲方提供管材	/	/	/	同上	同上
		016	Φ2400管道铺设	m	191.967504907383	/	甲方提供管材	/	/	/	同上	同上
	03		钢筋砼承插管铺设									
		001	Φ600管道铺设	m	33.2743675172797	/	甲方提供管材	/	/	/	按设计图纸计算	挂线、清扫基座、成品管场内运输、铺管
		002	Φ800管道铺设	m	47.3519845438212	/	甲方提供管材	/	/	/	同上	同上
		003	Φ1000管道铺设	m	58.8700348382641	/	甲方提供管材	/	/	/	同上	同上
		004	Φ1200管道铺设	m	70.3880851327072	/	甲方提供管材	/	/	/	同上	同上
	04		UPVC加筋管铺设									
		001	Φ200UPVC管铺设	m	17.0637782139896	/	甲方提供管材、管件	/	/	/	按设计图纸计算	管口处理、对口、上件、连接
		002	Φ225UPVC管铺设	m	19.1967504907383	/	同上	/	/	/	同上	同上
		003	Φ300UPVC管铺设	m	22.3962089058614	/	同上	/	/	/	同上	同上
		004	Φ400UPVC管铺设	m	29.8616118744818	/	同上	/	/	/	同上	同上
		005	Φ500UPVC管铺设	m	31.9945841512305	/	同上	/	/	/	同上	同上
		006	UPVC加筋低压塑料管DN300	m	29.8616118744818	/	同上	/	/	/	同上	同上
		007	UPVC加筋低压塑料管DN500	m	42.659445534974	/	同上	/	/	/	同上	同上
		008	UPVC低压塑料管De32（自用水管线）	m	5.43907930570919	/	同上	/	/	/	同上	同上
		009	UPVC低压塑料管De40（自用水管线）	m	7.03880851327071	/	同上	/	/	/	同上	同上
		010	UPVC低压塑料管De63（自用水管线、加氯增压水管）	m	8.10529465164507	/	同上	/	/	/	同上	同上
		011	UPVC低压塑料管De90（加氯增压水管）	m	10.8781586114184	/	同上	/	/	/	同上	同上
		012	UPVC低压塑料管De110（自用水管线）	m	12.4778878189799	/	同上	/	/	/	同上	同上
	05		FRPP加筋管铺设									
		001	Φ500管道铺设	m	10.6648613837435	/	甲方提供管材、管件	/	/	/	按设计图纸计算	挂线、清扫基座、成品管场内运输、铺管
		002	Φ600管道铺设	m	12.7978336604922	/	同上	/	/	/	同上	同上
		003	Φ700管道铺设	m	14.9308059372409	/	同上	/	/	/	同上	同上
		004	Φ800管道铺设	m	17.0637782139896	/	同上	/	/	/	同上	同上
		005	Φ1000管道铺设	m	21.329722767487	/	同上	/	/	/	同上	同上
	06		聚乙烯双壁波纹（HDEP）管铺设									
		001	Φ200管道铺设	m	6.3989168302461	/	甲方提供管材	/	/	/	按设计图纸计算	管道场内运输、下管、调直、铺设
		002	Φ300管道铺设	m	7.46540296862045	/	同上	/	/	/	同上	同上
		003	Φ400管道铺设	m	10.6648613837435	/	同上	/	/	/	同上	同上
		004	Φ500管道铺设	m	15.9972920756153	/	同上	/	/	/	同上	同上
		005	Φ600管道铺设	m	15.9972920756153	/	同上	/	/	/	同上	同上
		006	Φ800管道铺设	m	17.0637782139896	/	同上	/	/	/	同上	同上
		007	Φ1000管道铺设	m	19.1967504907383	/	同上	/	/	/	同上	同上
		008	Φ1200管道铺设	m	25.5956673209844	/	同上	/	/	/	同上	同上
		009	Φ1500管道铺设	m	31.9945841512305	/	同上	/	/	/	同上	同上
		010	Φ1600管道铺设	m	42.659445534974	/	同上	/	/	/	同上	同上
		011	Φ1800管道铺设	m	53.3243069187175	/	同上	/	/	/	同上	同上
		012	Φ2000管道铺设	m	74.6540296862045	/	同上	/	/	/	同上	同上
	07		PE管道铺设									
		001	Φ400PE管道铺设（电热熔连接）	m	23.4626950442357	/	甲方提供管材	/	/	/	按设计图纸计算	围挡安拆、人工清底、修整边坡、沟槽支护、挂线、清扫基座、地下管线保护（含人工挖探坑）、10cm中粗砂垫层铺筑、成品管场内运输、下管、铺管、管口连接及管缝处理、闭水试验、配合甲方做好检测等
		002	Φ500PE管道铺设（电热熔连接）	m	25.5956673209844	/	同上	/	/	/	同上	同上
		003	Φ600PE管道铺设（电热熔连接）	m	27.7286395977331	/	同上	/	/	/	同上	同上
	08		钢管铺设									
		001	Φ50钢管铺设(焊接)	m	7.46540296862045	/	甲方提供钢管	/	/	/	按设计图纸计算	检查及清扫管材，切管、坡口、调直，对口、焊接，管道及管件安装，管道除锈刷油，管道消毒清洗，水压实验。
		002	φ100钢管铺设(焊接)	m	8.53188910699481	/	同上	/	/	/	同上	同上
		003	Φ150钢管铺设(焊接)	m	10.6648613837435	/	同上	/	/	/	同上	同上
		004	Φ200钢管铺设(焊接)	m	26.6621534593588	/	同上	/	/	/	同上	同上
		005	Φ300钢管铺设(焊接)	m	37.3270148431023	/	同上	/	/	/	同上	同上
		006	Φ400钢管铺设(焊接)	m	53.3243069187175	/	同上	/	/	/	同上	同上
		007	Φ500钢管铺设(焊接)	m	60.789709887338	/	同上	/	/	/	同上	同上
		008	Φ600钢管铺设(焊接)	m	66.1221405792097	/	同上	/	/	/	同上	同上
		009	Φ700钢管铺设(焊接)	m	79.9864603780763	/	同上	/	/	/	同上	同上
		010	Φ800钢管铺设(焊接)	m	85.3188910699481	/	同上	/	/	/	同上	同上
		011	Φ900钢管铺设(焊接)	m	116.246989082804	/	同上	/	/	/	同上	同上
		012	Φ1000钢管铺设(焊接)	m	133.310767296794	/	同上	/	/	/	同上	同上
		013	Φ1400钢管铺设(焊接)	m	191.967504907383	/	同上	/	/	/	同上	同上
		014	Φ1500钢管铺设(焊接)	m	202.632366291127	/	同上	/	/	/	同上	同上
		015	Φ1600钢管铺设(焊接)	m	223.962089058614	/	同上	/	/	/	同上	同上
		016	Φ2000钢管铺设(焊接)	m	341.275564279792	/	同上	/	/	/	同上	同上
		017	Φ2400钢管铺设(焊接)	m	447.924178117227	/	同上	/	/	/	同上	同上
		018	Φ200管件安装(焊接)	个	145.042114818912	/	同上	/	/	/	按实际完成合格工程数量计量	场内运输，安装，试压
		019	Φ300管件安装(焊接)	个	202.632366291127	/	同上	/	/	/	同上	同上
		020	Φ400管件安装(焊接)	个	219.696144505116	/	同上	/	/	/	同上	同上
		021	Φ500管件安装(焊接)	个	243.158839549352	/	同上	/	/	/	同上	同上
		022	Φ700管件安装(焊接)	个	356.206370217033	/	同上	/	/	/	同上	同上
		023	Φ800管件安装(焊接)	个	471.386873161463	/	同上	/	/	/	同上	同上
		024	Φ1000管件安装(焊接)	个	533.243069187175	/	同上	/	/	/	同上	同上
		025	Φ1200管件安装(焊接)	个	578.035486998898	/	同上	/	/	/	同上	同上
		026	Φ1400管件安装(焊接)	个	732.675977063179	/	同上	/	/	/	同上	同上
		027	Φ1600管件安装(焊接)	个	853.188910699481	/	同上	/	/	/	同上	同上
		028	Φ2000管件安装(焊接)	个	1001.43048393352	/	同上	/	/	/	同上	同上
		029	超声波探伤 公称直径(mm以内) 350mm以上	m	65.0556544408354	/	同上	/	/	/	按实际完成合格工程数量计量	贴片、检测、报告
		030	X光射线探伤 80mm×300mm	张	55.4572791954662	/	同上	/	/	/	按实际完成合格工程数量计量	贴片、检测、报告
		031	管道支架	t	2132.9722767487	/	同上	/	/	/	按实际完成合格工程数量计量	制作、防腐、安装
		032	管配件制作	t	3199.45841512305	/	同上	/	/	/	按实际完成合格工程数量计量	制作、防腐
	09		铸铁管铺设									
		001	Φ100铸铁管铺设	m	10.6648613837435	/	甲方提供铸铁管道及相应配件	/	/	/	按设计图纸计算	材料倒运、铺设管道、安装接口、阀门、短管、弯头、直通、三通、盲板、消火栓等全部工作内容
		002	Φ150铸铁管铺设	m	15.9972920756153	/	同上	/	/	/	同上	同上
		003	Φ200铸铁管铺设	m	21.329722767487	/	同上	/	/	/	同上	同上
		004	Φ300铸铁管铺设	m	26.6621534593588	/	同上	/	/	/	同上	同上
		005	Φ400铸铁管铺设	m	31.9945841512305	/	同上	/	/	/	同上	同上
		006	Φ600铸铁管铺设	m	42.659445534974	/	同上	/	/	/	同上	同上
		007	Φ800铸铁管铺设	m	47.9918762268458	/	同上	/	/	/	同上	同上
		008	Φ1000铸铁管铺设	m	58.6567376105893	/	同上	/	/	/	同上	同上
	10		塑料管道铺设									
		001	Φ100管道铺设	m	6.3989168302461	/	甲方提供管材、胶圈	/	/	/	按设计图纸计算	配管，锯管，煨弯，管口处理，接管，埋设，封管口
		002	Φ400管道铺设	m	15.9972920756153	/	同上	/	/	/	同上	同上
		003	Φ500管道铺设	m	21.329722767487	/	同上	/	/	/	同上	同上
		004	Φ600管道铺设	m	23.4626950442357	/	同上	/	/	/	同上	同上
		005	9格栅塑料管道铺设	m	8.53188910699481	/	除塑料管道及接头的全部费用	/	/	/	按设计图纸计算	沟槽基底清理，材料人工倒运，人工铺设，接口处理，绑扎等全部相关工作内容
		006	12格栅塑料管道铺设	m	11.7313475221179	/	同上	/	/	/	同上	同上
		007	24格栅塑料管道铺设	m	18.130264352364	/	同上	/	/	/	同上	同上
	11		Ⅲ级预应力砼企口管道铺设									
		001	Φ300管道铺设	m	21.329722767487	/	甲方提供管材、胶圈	/	/	/	按设计图纸计算	清扫基座、180°砂石基础、成品管场内外运输、铺管、橡胶圈接口等
		002	Φ400管道铺设	m	23.4626950442357	/	同上	/	/	/	同上	同上
		003	Φ500管道铺设	m	42.659445534974	/	同上	/	/	/	同上	同上
		004	Φ600管道铺设	m	57.5902514722149	/	同上	/	/	/	同上	同上
		005	Φ800管道铺设	m	79.9864603780763	/	同上	/	/	/	同上	同上
		006	Φ1000管道铺设	m	101.316183145563	/	同上	/	/	/	同上	同上
	12		玻璃钢夹砂管铺设									
		001	Φ1000管道铺设	m	53.3243069187175	/	甲方提供双壁波纹管、砂、接头	/	/	/	按设计图纸计算	清扫基座、成品管场内运输、铺砂垫层、安装、接口等全部工作内容
		002	Φ1200管道铺设	m	63.9891683024611	/	同上	/	/	/	同上	同上
		003	Φ1400管道铺设	m	74.6540296862045	/	同上	/	/	/	同上	同上
		004	Φ1600管道铺设	m	85.3188910699481	/	同上	/	/	/	同上	同上
		005	Φ1800管道铺设	m	101.316183145563	/	同上	/	/	/	同上	同上
		006	Φ2000管道铺设	m	117.313475221179	/	同上	/	/	/	同上	同上
		007	Φ2800管道铺设	m	149.308059372409	/	同上	/	/	/	同上	同上
	13		镀锌钢管铺设									
		001	Φ25管道铺设	m	4.2659445534974	/	甲方提供钢管	/	/	/	按设计图纸计算	场内运输，敷设
		002	Φ32管道铺设	m	7.46540296862045	/	甲方提供钢管	/	/	/	按设计图纸计算	场内运输，敷设
		003	Φ40管道铺设	m	11.7313475221179	/	甲方提供钢管	/	/	/	按设计图纸计算	场内运输，敷设
		004	Φ50管道铺设	m	12.7978336604922	/	甲方提供钢管	/	/	/	按设计图纸计算	场内运输，敷设
		005	Φ70管道铺设	m	13.8643197988666	/	甲方提供钢管	/	/	/	按设计图纸计算	场内运输，敷设
		006	Φ80管道铺设	m	25.5956673209844	/	甲方提供钢管	/	/	/	按设计图纸计算	场内运输，敷设
		007	Φ100管道铺设	m	26.6621534593588	/	甲方提供钢管	/	/	/	按设计图纸计算	场内运输，敷设
	14		顶管									
		001	Φ800泥水平衡钢筋砼管道顶进	m	799.864603780763	/	甲方提供钢筋砼管材料费、泥浆	/	/	/	按管道实际顶进长度计算	顶管设备安拆、下管及对接管、管道外表面涂蜡、管道顶进及纠偏、管道注浆减阻及置换、管缝处理、管道堵头封堵及拆除、管道抹口及清扫、工作井及接收井洞口止水处理、中继间安装及千斤顶拆除 、后靠背安装及拆除、顶管保护、顶进过程中的质量事故的处理等
		002	Φ1000泥水平衡钢筋砼管道顶进	m	906.513217618198	/	同上	/	/	/	同上	同上
		003	Φ1200泥水平衡钢筋砼管道顶进	m	959.837524536916	/	同上	/	/	/	同上	同上
		004	Φ1350泥水平衡钢筋砼管道顶进	m	1013.16183145563	/	同上	/	/	/	同上	同上
		005	Φ1500泥水平衡钢筋砼管道顶进	m	1119.81044529307	/	同上	/	/	/	同上	同上
		006	Φ1650泥水平衡钢筋砼管道顶进	m	1226.4590591305	/	同上	/	/	/	同上	同上
		007	Φ1800泥水平衡钢筋砼管道顶进	m	1333.10767296794	/	同上	/	/	/	同上	同上
		008	Φ2000泥水平衡钢筋砼管道顶进	m	1599.72920756153	/	同上	/	/	/	同上	同上
		009	Φ1500泥水平衡钢管顶进	m	1599.72920756153	/	同上	/	/	/	同上	同上
	15		拉管									
		001	DN100实壁PE管定向钻牵引拉管	m	266.621534593588	/	甲方提供管材	/	/	/	按实际拉管长度计算	管道场内运输、钻孔、拉管
		002	DN200实壁PE管定向钻牵引拉管	m	319.945841512305	/	同上	/	/	/	同上	同上
		003	DN300实壁PE管定向钻牵引拉管	m	373.270148431023	/	同上	/	/	/	同上	同上
		004	DN400实壁PE管定向钻牵引拉管	m	490.583623652201	/	同上	/	/	/	同上	同上
		005	DN500实壁PE管定向钻牵引拉管	m	618.561960257124	/	同上	/	/	/	同上	同上
		006	DN600实壁PE管定向钻牵引拉管	m	746.540296862045	/	同上	/	/	/	同上	同上
		007	DN700实壁PE管定向钻牵引拉管	m	906.513217618198	/	同上	/	/	/	同上	同上
		008	DN800实壁PE管定向钻牵引拉管	m	1066.48613837435	/	同上	/	/	/	同上	同上
	16		沉井									
		001	沉井下沉挖土方	m3	30.0	/	/	/	/	/	按设计方量计算	挖土下沉至设计要求
		002	沉井刃脚砂石料垫层	m3	15.9972920756153	/	甲方提供砂石料	/	/	/	以压实体积计算	砂石料铺设、整平、压实
		003	沉井刃脚基础砼垫层	m3	35.0	/	甲方提供砼、损耗率1%以内	/	/	/	按设计图纸计算	混凝土浇筑、养护
		004	沉井水下封底砼浇筑	m3	85.0	/	甲方提供砼、损耗率1%以内	/	/	/	按实际完成合格工程量计量	平台搭设、导管就位、浇筑、振捣、养生
		005	沉井刃脚、隔墙、井壁、底板钢筋	t	650.0	/	甲方提供钢筋、损耗率1%以内	/	/	/	按照设计图纸计算，接头不计	钢筋的卸料、保管、制作、焊接、场内运输、安装
		006	沉井刃脚、隔墙、井壁、底板模板	m2	50.0	/	甲方提供模板	/	/	/	按照与砼的接触面积计算	制作、安装、拆除、刷隔离剂、模板及支撑材料租赁运输及从加工场运至工地使用地点、清洁模板，现场指定堆放整齐、完工后清理场地
		007	沉井刃脚、隔墙、井壁、底板商品砼	m3	50.0	/	甲方提供砼、损耗率1%以内	/	/	/	按设计图纸计算	浇筑、振捣、养护及施工缝处理配合砼车支设泵车、找平、压光、余渣清理、现场清扫，脚手架、防护围栏搭设、拆除
四			桥涵工程									
	01		管桩									
		001	打入预应力管桩（直径0.5m）	m	20.0	/	甲方提供管桩	/	/	甲方负责提供便道和场地；甲方负责电接至施工现场配电柜处；甲方提供安全等标识标牌；甲方负责控制测量、试验、检测，但乙方须人工、机械配合	按设计图示桩顶至桩底的长度计算	机械进、出场、配合进场机械报验、机械转场、铺道板、机械就位、调试、配合管桩卸料下车，按要求堆放、桩位标记、试桩、管桩刻度标记、桩靴焊接、喂桩、管桩打入、管桩接头焊接、送桩、控制管桩桩位、垂直度和标高、洞口防护等与管桩施工有关的全部工作内容
		002	静压预应力管桩（直径0.5m）	m	22.0	/	甲方提供管桩	/	/		按设计图示桩顶至桩底的长度计算	机械进、出场、配合进场机械报验、机械转场、铺道板、机械就位、调试、配合管桩卸料下车，按要求堆放、桩位标记、试桩、管桩刻度标记、桩靴焊接、喂桩、管桩压入、管桩接头焊接、送桩、控制管桩桩位、垂直度和标高、洞口防护等与管桩施工有关的全部工作内容
		003	打入预应力管桩（直径0.6m）	m	23.0	/	甲方提供管桩	/	/		按实际完成米数计算	机械进出场、铺道板、移机、就位、吊机卸桩、吊机喂桩、打设、焊接、防风遮挡设施等为完成配套管桩施工的所有工作内容
		004	静压预应力管桩（直径0.6m）	m	25.0	/	甲方提供管桩	/	/		按实际完成米数计算	机械进、出场、配合进场机械报验、机械转场、铺道板、机械就位、调试、配合管桩卸料下车，按要求堆放、桩位标记、试桩、管桩刻度标记、桩靴焊接、喂桩、管桩打入、管桩接头焊接、送桩、控制管桩桩位、垂直度和标高、洞口防护等与管桩施工有关的全部工作内容。
	02		桩基									
		001	钻孔桩钢筋制作、运输	t	450.0	/	甲方提供钢筋、损耗率1%以内	/	行吊	甲方负责负责泥浆外运、凿桩头；甲方负责电接至施工现场配电柜处；甲方提供施工主便道；甲方提供安全等标识标牌；甲方负责控制测量、试验、检测，但乙方须人工、机械配合	按设计图纸的净长、规格换算的重量进行计量，所有搭接、下脚料、定位钢筋均不予计量	卸车存放、清除油渍、漆污、调直、除锈、切断、弯曲、捆束、堆放、焊接及绑扎；划线、配料、绑扎、检查、校正；工地内运输等全部工作内容
		002	声测管制作、运输	m	1.0	/	甲方提供声测管	/			声测管按桩基设计长度乘以声测管根数计	制作安装U型筋，安装声测管等全部工作内容
		003	φ1.0m回旋钻孔桩	m3 /m	178/140	/	甲方提供砼、损耗率7%以内	/	/		桩长按图纸设计长度计算	钻机进出场，场地平整，准备机具，挖泥浆池，埋设钢护筒，设置泥浆循环系统，造浆、钻机就位、开钻、钻进，清孔、下钢筋笼（含孔口焊接），搭拆灌注平台，灌注水下砼，成孔后钻机移位，原始钻孔桩灌注记录等全部工作内容
		004	φ1.25m回旋钻孔桩	m3 /m	155/190	/	甲方提供砼、损耗率7%以内	/	/		桩长按图纸设计长度计算	钻机进出场，场地平整，准备机具，挖泥浆池，埋设钢护筒，设置泥浆循环系统，造浆、钻机就位、开钻、钻进，清孔、下钢筋笼（含孔口焊接），搭拆灌注平台，灌注水下砼，成孔后钻机移位，原始钻孔桩灌注记录等全部工作内容
		005	φ1.5m回旋钻孔桩	m3 /m	136/240	/	甲方提供砼、损耗率7%以内	/	/		桩长按图纸设计长度计算	钻机进出场，场地平整，准备机具，挖泥浆池，埋设钢护筒，设置泥浆循环系统，造浆、钻机就位、开钻、钻进，清孔、下钢筋笼（含孔口焊接），搭拆灌注平台，灌注水下砼，成孔后钻机移位，原始钻孔桩灌注记录等全部工作内容
		006	φ1.8m回旋钻孔桩	m3 /m	126/320	/	甲方提供砼、损耗率7%以内	/	/		桩长按图纸设计长度计算	钻机进出场，场地平整，准备机具，挖泥浆池，埋设钢护筒，设置泥浆循环系统，造浆、钻机就位、开钻、钻进，清孔、下钢筋笼（含孔口焊接），搭拆灌注平台，灌注水下砼，成孔后钻机移位，原始钻孔桩灌注记录等全部工作内容
		007	φ2.0m回旋钻孔桩	m3 /m	127/400	/	甲方提供砼、损耗率7%以内	/	/		桩长按图纸设计长度计算	钻机进出场，设置泥浆循环系统，造浆、钻机就位、开钻、钻进，清孔、下钢筋笼（含孔口焊接），搭拆灌注平台，灌注水下砼，成孔后钻机移位，原始钻孔桩灌注记录等全部工作内容
		008	φ80cm旋挖钻孔桩（综合）	m3 /m	238/120	/	甲方提供砼、损耗率5%以内	/	/		桩长按图纸设计长度计算	陆上准备机具，设置泥浆循环系统，造浆、钻机就位、开钻、钻进，清孔、钢筋笼吊装(含孔口连接)，搭拆灌注平台，灌注水下砼，成孔后钻机移位，原始钻孔桩灌注记录，以及渣土堆置等全部工作内容
		009	φ1.0m旋挖钻成孔桩（综合）	m3 /m	203/160	/	甲方提供砼、损耗率5%以内	/	/		桩长按图纸设计长度计算	陆上准备机具，设置泥浆循环系统，造浆、钻机就位、开钻、钻进，清孔、钢筋笼吊装(含孔口连接)，搭拆灌注平台，灌注水下砼，成孔后钻机移位，原始钻孔桩灌注记录，以及渣土堆置等全部工作内容
		010	φ1.25m旋挖钻成桩（综合）	m3 /m	163/200	/	甲方提供砼、损耗率5%以内	/	/		桩长按图纸设计长度计算	陆上准备机具，设置泥浆循环系统，造浆、钻机就位、开钻、钻进，清孔、钢筋笼吊装(含孔口连接)，搭拆灌注平台，灌注水下砼，成孔后钻机移位，原始钻孔桩灌注记录，以及渣土堆置等全部工作内容
		011	φ1.5m旋挖钻成桩（综合）	m3 /m	147/260	/	甲方提供砼、损耗率5%以内	/	/		桩长按图纸设计长度计算	陆上准备机具，设置泥浆循环系统，造浆、钻机就位、开钻、钻进，清孔、钢筋笼吊装(含孔口连接)，搭拆灌注平台，灌注水下砼，成孔后钻机移位，原始钻孔桩灌注记录，以及渣土堆置等全部工作内容
		012	φ1.8m旋挖钻成桩（综合）	m3 /m	133/340	/	甲方提供砼、损耗率5%以内	/	/		桩长按图纸设计长度计算	陆上准备机具，设置泥浆循环系统，造浆、钻机就位、开钻、钻进，清孔、钢筋笼吊装(含孔口连接)，搭拆灌注平台，灌注水下砼，成孔后钻机移位，原始钻孔桩灌注记录，以及渣土堆置等全部工作内容
		013	φ2.0m旋挖钻成桩（综合）	m3 /m	133/420	/	甲方提供砼、损耗率5%以内	/	/		桩长按图纸设计长度计算	陆上准备机具，设置泥浆循环系统，造浆、钻机就位、开钻、钻进，清孔、钢筋笼吊装（含孔口焊接），搭拆灌注平台，灌注水下砼，成孔后钻机移位，原始钻孔桩灌注记录，以及渣土堆置等全部工作内容
		014	φ1.0冲击钻成桩（土层、砂砾、砾石）	m3 /m	250/196	/	甲方提供砼、损耗率10%以内	/	/		桩长按图纸设计长度计算	临时支撑措施；设置泥浆循环系统、造浆；装、拆、移钻机，制作、埋设护筒，钻架就位、安装钻头及钻具、冲孔、提钻、出渣、加水、加粘土、清孔、量孔深等成孔全过程，安装钢筋笼，搭拆灌注平台，安、拆导管及漏斗，浇注混凝土等全部工作内容
		015	φ1.0冲击钻成桩（软石、次坚石）	m3 /m	450/353	/	甲方提供砼、损耗率10%以内	/	/		桩长按图纸设计长度计算	临时支撑措施；设置泥浆循环系统、造浆；装、拆、移钻机，制作、埋设护筒，钻架就位、安装钻头及钻具、冲孔、提钻、出渣、加水、加粘土、清孔、量孔深等成孔全过程，安装钢筋笼，搭拆灌注平台，安、拆导管及漏斗，浇注混凝土等全部工作内容
		016	φ1.25冲击钻成桩（土层、砂砾、砾石）	m3 /m	230/282	/	甲方提供砼、损耗率10%以内	/	/		桩长按图纸设计长度计算	临时支撑措施；设置泥浆循环系统、造浆；装、拆、移钻机，制作、埋设护筒，钻架就位、安装钻头及钻具、冲孔、提钻、出渣、加水、加粘土、清孔、量孔深等成孔全过程，安装钢筋笼，搭拆灌注平台，安、拆导管及漏斗，浇注混凝土等全部工作内容
		017	φ1.25冲击钻成桩（软石、次坚石）	m3 /m	410/503	/	甲方提供砼、损耗率10%以内	/	/		桩长按图纸设计长度计算	临时支撑措施；设置泥浆循环系统、造浆；装、拆、移钻机，制作、埋设护筒，钻架就位、安装钻头及钻具、冲孔、提钻、出渣、加水、加粘土、清孔、量孔深等成孔全过程，安装钢筋笼，搭拆灌注平台，安、拆导管及漏斗，浇注混凝土等全部工作内容
		018	φ1.5冲击钻成桩（土层、砂砾、砾石）	m3 /m	200/353	/	甲方提供砼、损耗率10%以内	/	/		桩长按图纸设计长度计算	临时支撑措施；设置泥浆循环系统、造浆；装、拆、移钻机，制作、埋设护筒，钻架就位、安装钻头及钻具、冲孔、提钻、出渣、加水、加粘土、清孔、量孔深等成孔全过程，安装钢筋笼，搭拆灌注平台，安、拆导管及漏斗，浇注混凝土等全部工作内容
		019	φ1.5冲击钻成桩（软石、次坚石）	m3 /m	400/706	/	甲方提供砼、损耗率10%以内	/	/		桩长按图纸设计长度计算	临时支撑措施；设置泥浆循环系统、造浆；装、拆、移钻机，制作、埋设护筒，钻架就位、安装钻头及钻具、冲孔、提钻、出渣、加水、加粘土、清孔、量孔深等成孔全过程，安装钢筋笼，搭拆灌注平台，安、拆导管及漏斗，浇注混凝土等全部工作内容
		020	φ1.8冲击钻成桩（土层、砂砾、砾石）	m3	180/458	/	甲方提供砼、损耗率10%以内	/	/		桩长按图纸设计长度计算	临时支撑措施；设置泥浆循环系统、造浆；装、拆、移钻机，制作、埋设护筒，钻架就位、安装钻头及钻具、冲孔、提钻、出渣、加水、加粘土、清孔、量孔深等成孔全过程，安装钢筋笼，搭拆灌注平台，安、拆导管及漏斗，浇注混凝土等全部工作内容
		021	φ1.8冲击钻成桩（软石、次坚石）	m3	400/1017	/	甲方提供砼、损耗率10%以内	/	/		桩长按图纸设计长度计算	临时支撑措施；设置泥浆循环系统、造浆；装、拆、移钻机，制作、埋设护筒，钻架就位、安装钻头及钻具、冲孔、提钻、出渣、加水、加粘土、清孔、量孔深等成孔全过程，安装钢筋笼，搭拆灌注平台，安、拆导管及漏斗，浇注混凝土等全部工作内容
		022	φ2.0冲击钻成桩（土层、砂砾、砾石）	m3	190/596	/	甲方提供砼、损耗率10%以内	/	/		桩长按图纸设计长度计算	临时支撑措施；设置泥浆循环系统、造浆；装、拆、移钻机，制作、埋设护筒，钻架就位、安装钻头及钻具、冲孔、提钻、出渣、加水、加粘土、清孔、量孔深等成孔全过程，安装钢筋笼，搭拆灌注平台，安、拆导管及漏斗，浇注混凝土等全部工作内容
		023	φ2.0冲击钻成桩（软石、次坚石）	m3	400/1256	/	甲方提供砼、损耗率10%以内	/	/		桩长按图纸设计长度计算	临时支撑措施；设置泥浆循环系统、造浆；装、拆、移钻机，制作、埋设护筒，钻架就位、安装钻头及钻具、冲孔、提钻、出渣、加水、加粘土、清孔、量孔深等成孔全过程，安装钢筋笼，搭拆灌注平台，安、拆导管及漏斗，浇注混凝土等全部工作内容
		024	挖孔桩(土层)	m3	180.0	/	甲方提供钢筋笼、砼、损耗率1%以内；护壁材料甲方不提供	/	/		按照原地面至桩底的长度和桩径尺寸计算	人力（机械）开挖，卷扬机提运，支撑及防护，修整桩孔，孔口外50米以内运输，通风机及照明管路铺拆，护壁施工、灌注砼等全部工作内容
		025	挖孔桩(岩层)	m3	320.0	/	甲方提供钢筋笼、砼、损耗率1%以内；代购火工材料；护壁材料甲方不提供	/	/		按照原地面至桩底的长度和桩径尺寸计算	人力（机械）及爆破开挖，卷扬机提运，支撑及防护，修整桩孔，孔口外50米以内运输，通风机及照明管路铺拆，护壁施工、灌注砼等全部工作内容
	03		桩头破除、围堰、钢护筒									
		001	桩头破除（φ1m）	个	140.0	/	/	/	/	甲方负责电接至施工现场配电柜处。	按设计图示尺寸以个计算	桩头凿除、运输、处置等全部工作内容
		002	桩头破除（φ1.25m）	个	200.0	/	/	/	/		按设计图示尺寸以个计算	桩头凿除、运输、处置等全部工作内容
		003	桩头破除（φ1.5m）	个	280.0	/	/	/	/		按设计图示尺寸以个计算	桩头凿除、运输、处置等全部工作内容
		004	桩头破除（φ1.8m）	个	340.0	/	/	/	/		按设计图示尺寸以个计算	桩头凿除、运输、处置等全部工作内容
		005	桩头破除（φ2.0m）	个	430.0	/	/	/	/		按设计图示尺寸以个计算	桩头凿除、运输、处置等全部工作内容
		006	陆上钢板桩围堰打、拔	t	480.0	/	甲方提供钢板桩	/	/		根据现场实测以t计量	组拼、捻缝、铺隔离层、吊桩、安卸桩帽、打桩、校正，拨桩、吊放、堆码解体存放等全部工作内容
		007	陆上拉森钢板桩围堰打、拔	t	700.0	/	甲方提供钢板桩	/	/		根据现场实测以t计量	组拼、捻缝、铺隔离层、吊桩、安卸桩帽、打桩、校正，拨桩、吊放、堆码解体存放等全部工作内容
		008	钢平台制作安装	t	700.0	/	甲方提供钢材	/	/		按实际安装数量计量	钢管桩配置、吊装卸车、打入、焊接、切割、桩间整体连接，型钢扣配梁制、运、安装，贝雷梁拼装、运、安装，桥面板下料、制作、运输、安装，桥面路缘型钢制作、安装、运输，桥面钢栏杆制作、安装、运输，除锈、油漆三度，工地内照明及动力线路安拆、钢栈桥施工期间维护、拆除等全部工作内容
		009	钢平台拆除	t	380.0	/	/	/	/		按实际重量计	平台钢结拆除，钢管拔出，拆除材料倒运及卸车，材料堆放整齐等全部工作内容
		010	双壁钢围堰制作、安装、拆除	t	1500.0	/	甲方提供钢材	/	/		按实际重量计	加工、制作、拼装、下沉、浮运、定位、下水、下沉、基底清理、壁内填充砼、围堰内抽水、拆除等全部工作内容
		011	长钢护筒加工	t	600.0	/	甲方提供钢材	/	/		按实际重量计	下料、制作、焊接、运输至现场等全部工作内容
		012	长钢护筒二次加工	t	350.0	/	甲方提供钢材	/	/		按实际重量计	下料、制作、焊接、运输至现场等全部工作内容
		013	长钢护筒打入	t	500.0	/	/	/	/		按实际重量计	放线、定位、吊插、震动下沉等全部工作内容
		014	长钢护筒拔出	t	300.0	/	/	/	/		按实际重量计	震动、拔出、切割、堆码等全部工作内容
	04		下部结构									
		001	基坑开挖土方	m³	8.0	/	/	/	/	甲方负责电接至施工现场配电柜处；甲方提供钢筋加工场地（含行吊）；甲方提供施工主便道；甲方提供安全等标识标牌；甲方负责控制测量、试验、检测，但乙方须人工、机械配合	按设计方量计算	挖掘机挖装土并运至基坑口、支护、抽水、人工修整边坡及基坑底面等全部工作内容
		002	基坑回填土方	m³	6.0	/	/	/	/		按设计方量计算	机械或人力挖装普通土回填基坑、铺平、分层夯实等全部工作内容
		003	承台钢筋加工及安装	t	500.0	/	甲方提供钢筋、损耗率1%以内	/	/		按图纸尺寸计算，不含搭接	钢筋加工、运输，现场部分的焊接、安装
		004	垫层砼	m3	40.0	/	甲方提供砼，损耗率1%以内	/	/		按设计方量计算	基坑清理、抽水、垫层浇注、模板支护、加固、浇注、养护等全部工作内容
		005	承台、柱系梁混凝土	m³	100.0	/	甲方提供砼，损耗率1%以内	模板	/		按设计方量计算	基坑清理、抽水、垫层浇注、模板支护、加固、浇注、养护
		006	墩柱、系梁钢筋加工及安装	t	550.0	/	甲方提供钢筋、损耗率1%以内	/	/		按设计图示尺寸以质量计算，搭接长度不计	钢筋按图纸下料、制作，焊接、绑扎并经验收合格
		007	中系梁、实心墩柱混凝土H≤15m	m³	230.0	/	甲方提供砼，损耗率1%以内	模板	/		按设计图示尺寸以体积计算	简易脚手架搭拆、模板安拆、砼浇筑、养护，接缝处理等
		008	中系梁、实心墩柱混凝土H>15m	m³	250.0	/	甲方提供砼，损耗率1%以内	模板	/		按设计图示尺寸以体积计算	简易脚手架搭拆、模板安拆、砼浇筑、养护，接缝处理等
		009	空心墩柱混凝土（墩高H≤30m）	m³	260.0	/	甲方提供砼，损耗率1%以内	模板	塔吊、升降机（不含操作手）		按设计图示尺寸以体积计算	简易脚手架搭拆、模板安拆、砼浇筑、养护，接缝处理等
		010	空心墩柱混凝土（30m＜墩高H≤50m）	m³	280.0	/	甲方提供砼，损耗率1%以内	模板	塔吊、升降机（不含操作手）		按设计图示尺寸以体积计算	简易脚手架搭拆、模板安拆、砼浇筑、养护，接缝处理等
		011	空心墩柱混凝土（50m＜墩高H≤70m）	m³	320.0	/	甲方提供砼，损耗率1%以内	模板	塔吊、升降机（不含操作手）		按设计图示尺寸以体积计算	简易脚手架搭拆、模板安拆、砼浇筑、养护，接缝处理等
		012	空心墩柱混凝土（70m＜墩高H≤100m）	m³	370.0	/	甲方提供砼，损耗率1%以内	模板	塔吊、升降机（不含操作手）		按设计图示尺寸以体积计算	简易脚手架搭拆、模板安拆、砼浇筑、养护，接缝处理等
		013	桥台、耳背墙钢筋加工及安装	t	550.0	/	甲方提供钢筋、损耗率1%以内	/	/		按设计图示尺寸以质量计算，搭接长度不计	钢筋按图纸下料、制作，焊接、绑扎并经验收合格
		014	桥台、耳背墙砼	m³	280.0	/	甲方提供砼，损耗率1%以内	模板	/		按设计图示尺寸以体积计算	脚手架搭拆、模板制安拆、砼浇筑、养护，接缝处理等
		015	盖梁钢筋绑扎及安装	t	550.0	/	甲方提供钢筋、损耗率1%以内	/	/		按设计图示尺寸以质量计算，搭接长度不计	钢筋按图纸下料、制作，焊接、绑扎并经验收合格
		016	盖梁混凝土（含垫石、挡块）	m³	280.0	/	甲方提供砼，损耗率1%以内	模板	/		按设计图示尺寸以体积计算	支架搭拆、模板安装、拆除、混凝土浇筑、捣固、养生
		017	桥头搭板钢筋绑扎及安装	t	500.0	/	甲方提供钢筋、损耗率1%以内	/	/		按设计图示尺寸以质量计算，搭接长度不计	钢筋按图纸下料、制作，焊接、绑扎并经验收合格
		018	混凝土搭板及枕梁	m³	100.0	/	甲方提供砼，损耗率1%以内	模板	/		按设计图示尺寸以体积计算	枕梁基础开挖、模板加工、模板安拆、砼浇筑、养护，接缝处理等
		019	踏步混凝土	m3	200.0	/	甲方提供砼，损耗率1%以内	/	/		按设计图示尺寸，以体积计量	挖除土方、整型，模板设置，混凝土浇筑、震捣，收光抹面等全部工作内容
		020	防水层（三油两毡）	m2	10.0	/	甲方提供沥青、油毡	/	/		按设计图示尺寸，以面积计量	材料运输，清理、烘干、补修基面，熬制沥青、刷油、毡料裁剪、铺粘油毡、涂刷沥青等全部工作内容
		021	防水层（涂热沥青2层）	m2	6.0	/	甲方提供沥青	/	/		按设计图示尺寸以体积计量	熬制沥青、铺防水材料，涂刷沥青两遍
		022	盖梁预应力钢绞线	t	1600.0	/	甲方提供钢绞线、锚具、压浆材料	/	/		按设计图示尺寸以质量计算，搭接长度不计	钢绞线卸料人工配合（不含吊车），上盖下垫的材料购置及安装；钢绞线下料、编束、孔道穿束；张拉设备标定、预应力张拉（张拉后钢绞线保护、切割）；堵封锚具、拌制水泥浆、真空压浆、清除封锚具砂浆、封端，配合制作钢绞线、压浆浆体试件；按照甲方、业主要求做好现场的文明、安全、标准化施工等全部工作内容。
		023	桥梁盆式支座	个	450.0	/	甲方提供盆式支座、灌注材料	/	/			运输、安装、定位、固定、焊接
	05		预制梁									
		001	预制梁钢筋	t	550.0	/	甲方提供钢筋、损耗率1%以内	/	/	甲方负责电接至施工现场配电柜处；甲方提供钢筋加工场地（含行吊）、预制场地建设；甲方提供施工主便道；甲方提供安全等标识标牌；甲方负责控制测量、试验、检测，但乙方须人工、机械配合	按图纸尺寸计算，不含搭接	数控设备由乙方采购，钢筋除锈、防锈、按图纸下料、制作、场内运输、焊接、绑扎、校正、挂钩、吊装、安装成型等一切完成该工作内容的所有相关工序，以及人工配合甲方吊车卸料（含钢筋、预埋件等一切相关材料）、护栏钢筋防锈处理，波纹管下料、安装、对接、固定、接头密封、调整平顺、保管，端头处理，锚下加强筋与锚垫板连接等钢筋骨架及配套预埋件等制作安装完成达到砼浇筑条件的所有工作工序；现场文明施工：乙方应按甲方要求配备必备安全防护设备、用品及工具，满足甲方安全施工措施要求；包括完成本工序作业的一切相关工作等全部工作内容。
		002	预制梁钢绞线	t	1300.0	/	甲方提供钢绞线，损耗率1%以内	/	/		按图纸尺寸计算	钢绞线卸料人工配合（不含吊车）钢绞线制安：钢绞线下料、切割、制束、孔道穿束；预应力张拉（含预张、初张、终张及终张后钢绞线切割）、记录；张拉器具就位、上锚具；孔道压浆：割束、封锚具、拌制水泥浆、真空压浆、清除封锚具砂浆；封端;配合制作钢绞线压浆浆体试件；现场文明施工：等全部工作内容。
		003	先张法预制梁砼（空心板梁）	m3	210.0	/	甲方提供砼、损耗率1%以内	模板	门吊（不含操作手）		按设计图示尺寸以体积计量	包括立模、刷脱模剂；安装预埋件；砼浇注、捣固、养生；配合移梁、存梁、装车等所有工作内容
		004	后张法预制梁砼（空心板梁）	m³	220.0	/	甲方提供砼、损耗率1%以内	模板			按设计图示尺寸以体积计量	内、外钢模板卸车、堆放、保管、试拼、安装、拆除、加固、修理、保养、涂刷脱模剂（满足技术要求的脱模剂），模板堵嵌缝（含堵缝材料、张拉槽口木模板）、张拉槽口预留、通风孔及吊装孔固定安装、预埋件的安装、锚垫板安装、箱室内外泄水管安装（含泄水孔管材料）；高性能砼浇注、捣固、整平、抹面收光，喷洒缓凝剂、高压水枪（甲供）冲洗凿毛；砼浇注后预埋件预留孔的清孔、表面清理，外露钢筋的防锈处理（涂刷水泥浆）、喷淋养生，外观质量缺陷的修补、配合清洗泵车、人工配合砼试验等箱梁预制完成并达到张拉要求的所有工序以及人工配合静载试验、桥牌安装（含喷梁号）。现场文明施工：乙方必须配备足够施工人员负责乙方作业区域内（包含但不限于制、存梁区、运输便道、钢筋加工区等）文明施工；乙方应按甲方要求配备必备安全防护设备、用品及工具，满足甲方安全施工措施要求，并提供合格证、安全生产许可证等证明材料；包括完成上述工序作业的其他全部工作内容。
		005	预制梁砼（箱梁）	m3	195.0	/	甲方提供砼、损耗率1%以内	模板	门吊（不含操作手）		按设计图示尺寸以体积计量	包括立模、刷脱模剂；安装预埋件；砼浇注、捣固、养生；配合移梁、存梁、装车等所有工作内容
		006	预制T梁	m3	185.0	/	甲方提供砼、损耗率1%以内	模板	门吊（不含操作手）		按设计图示尺寸以体积计量	包括立模、刷脱模剂；安装预埋件；砼浇注、捣固、养生；配合移梁、存梁、装车等所有工作内容
		007	架设空心板	m3	110.0	/	/	/	/		按照架设梁的砼体积计算	机械设备进出场、运梁轨铺设、临时固定、起梁、运梁、落梁、支座安装、梁体就位
		008	架设箱梁	m3	120.0	/	/	/	/		按照架设梁的砼体积计算	机械设备进出场、运梁轨铺设、临时固定、起梁、运梁、落梁、支座安装、梁体就位
		009	架设T梁	m3	120.0	/	/	/	/		按照架设梁的砼体积计算	机械设备进出场、运梁轨铺设、临时固定、起梁、运梁、落梁、支座安装、梁体就位、过孔等完成T梁架设工作的全部工作内容
	06		悬灌梁、现浇梁									
		001	悬浇梁砼（挂蓝施工，主跨度≥90m）	m3	470.0	/	甲方提供砼、钢筋、钢绞线、锚具、工具锚、压浆材料、波纹管，损耗率1%以内	甲方提供挂篮、钢模板、托架	/	甲方负责电接至施工现场配电柜处；甲方提供钢筋加工场地（含行吊）；甲方提供施工主便道；甲方提供安全等标识标牌；甲方负责控制测量、试验、检测，但乙方须人工、机械配合	按设计图示尺寸以体积计算	墩顶0号块临时固结，挂篮推移、就位、过墩，模板、支架安拆，砼灌注、养护等全部工作内容
		002	悬浇梁砼（挂蓝施工，60m≤主跨度＜90m）	m3	490.0	/			/		按设计图示尺寸以体积计算	墩顶0号块临时固结，挂篮推移、就位、过墩，模板、支架安拆，砼灌注、养护等全部工作内容
		003	悬浇梁砼（挂蓝施工，主跨度＜60m）	m3	530.0	/			/		按设计图示尺寸以体积计算	墩顶0号块临时固结，挂篮推移、就位、过墩，模板、支架安拆，砼灌注、养护等全部工作内容
		004	悬浇梁体钢筋制安	t	580.0	/			/		按设计图示尺寸计算	钢筋按图纸下料、制作，焊接、绑扎并经验收合格，制作安装保护层水泥垫等全部工作内容
		005	精扎螺纹钢制安	t	1200.0	/			/		按设计图示尺寸计算	卸车存放、钢筋调直、切断、弯曲、焊接（绑扎）、运输、安装、连接，张拉，压浆管制作、安装，压水泥浆，封锚等全部工作内容
		006	悬浇梁钢绞线	t	1500.0	/			/		按设计图示尺寸计算	钢绞线(含水泥、锚具等）卸车存放、调直、下料、切断；编束、穿束；安装锚垫板、锚具、预张拉、初拉、终张拉、切割钢绞线、封锚等。波纹管制安，预应力孔道清理、管道真空辅助压浆，砂浆配、拌、运、压浆等全部工作内容
		007	挂篮、模板拼装、预压、拆除	套	30000.0	/			/		按实际数量计算	挂篮、模板的提升、拼装、焊接、整修、加固、开孔、打磨、拆除、运输、堆码、清理、打油；预压材料的装袋、提升、堆载、卸载、运输、堆码等全部工作内容
		008	托架制作、安装、拆除	t	800.0	/			/		按照实际施工重量计算	托架制作、提升、安装、焊接、整修、加固、开孔、打磨、拆除、运输、堆码、清理、打油；钢管内灌注砼；预压材料的装袋、提升、堆载、卸载、运输、堆码等全部工作内容
		009	现浇连续梁砼（满堂支架）	m3	210.0	/	甲方提供砼、钢筋、钢绞线、模具、压浆材料、波纹管，损耗率1%以内	甲方提供模板、脚手架	/		按设计图示尺寸以圬工方体积计量	木模制作，铺拆箱梁底模及方木纵横带，立拆侧模、内模及端模并调整标高接缝，支架配重并预压，安装预埋件，人工配合起重机或泵车（地泵）灌注砼，振捣、抹面并养护，挂设高空安全网，上梁爬梯搭拆，小型电焊作业，相关材料垂直运输、50m以内材料运输等全部工作内容
		010	钢管脚手架搭拆（盘扣）	m3	10.0	/			/		按照空间方计价	脚手架或定型钢支架搭设，顶托标高调整，安全防护，拆除后分类堆放。支架垂直运输，材料50m以内水平运输等全部工作内容
		011	碗扣脚手架搭拆	m3	11.0	/			/		按照空间方计价	脚手架或定型钢支架搭设，顶托标高调整，安全防护，拆除后分类堆放。支架垂直运输，材料50m以内水平运输等全部工作内容
		012	现浇连续梁钢筋	t	550.0	/			/		按设计图示尺寸计算	钢筋按图纸下料、制作，焊接、绑扎并经验收合格，制作安装保护层水泥垫等全部工作内容等全部工作内容
		013	现浇梁钢绞线(满堂支架）	t	1300.0	/			/		按设计图纸的净长、规格换算的重量进行计量	钢绞线下料、安装、转运、绑扎、安装波纹管成孔、穿束、张拉、封锚、清孔并压浆等全部费用等全部工作内容
	07		支座、湿接缝									
		001	桥梁盆式支座	个	450.0	/	甲方提供盆式支座、灌注材料	/	/	甲方负责电接至施工现场配电柜处；甲方提供钢筋加工场地（含行吊）；甲方提供施工主便道；甲方提供安全等标识标牌；甲方负责控制测量、试验、检测，但乙方须人工、机械配合		运输、安装、定位、固定、焊接
		002	箱梁、T梁端横梁、中横梁、横隔板、湿接缝砼钢筋加工安装	t	650.0	/	甲方提供钢筋，损耗率1%以内	/	/		按图纸尺寸计算，不含搭接	钢筋60m范围内运输，现场部分的焊接、安装
		003	湿接缝钢绞线	t	1500.0	/	甲方提供钢绞线，损耗率1%以内	/	/		按图纸尺寸计算	搭工作平台、波纹管安装、钢绞线下料、穿束、张拉、压浆、钢绞线头切除、封端
		004	箱梁、T梁现浇端横梁、中横梁、横隔板、湿接缝砼	m³	320.0	/	甲方提供砼，损耗率1%以内	/	/		按设计方量计算	支座安装、模板制作、安装、支架搭设、加固、调整、浇注、拆模、养护、模板保养、指定堆放
	08		桥面系									
		001	钢筋网片加工运输安装	t	520.0	/	甲方提供钢筋，损耗率1%以内	/	/	/	按设计图示尺寸以质量计算，搭接长度不计	钢筋按图纸下料、制作，焊接、绑扎、固定，制作安装架立钢筋，并经验收合格。
		002	防撞护栏钢筋加工运输安装	t	600.0	/	甲方提供钢筋，损耗率1%以内	/	/	/	按设计图示尺寸以质量计算，搭接长度不计	钢筋按图纸下料、制作，焊接、绑扎并经验收合格
		003	防撞护栏混凝土	m³	280.0	/	甲方提供砼、损耗率1%以内	模板	/	/	按设计图示尺寸以体积计算	脚手架搭拆、模板安拆、砼浇筑、养护，接缝处理等
		004	桥面铺装钢筋加工运输安装	t	500.0	/	甲方提供钢筋，损耗率1%以内	/	/	/	按设计图示尺寸以质量计算，搭接长度不计	钢筋按图纸下料、制作，焊接、绑扎并经验收合格
		005	桥面铺装混凝土	m³	110.0	/	甲方提供砼、损耗率1%以内	/	/	/	按设计图示尺寸以体积计量	模板安拆、修理、涂脱模剂、堆放，混凝土浇筑、捣固及养生
		006	人行道板钢筋加工运输安装	t	550.0	/	甲方提供钢筋，损耗率1%以内	/	/	/	按设计图示尺寸以质量计算，搭接长度不计	钢筋按图纸下料、制作，焊接、绑扎并经验收合格
		007	人行道板预制混凝土	m³	220.0	/	甲方提供砼、损耗率1%以内	/	/	/	按设计图示尺寸以体积计算	模板安拆、砼浇筑、养护等
		008	桥面刷防水层	㎡	4.0	/	甲方提供涂料	/	/	/	按设计图示尺寸以面积计算	材料运输、清理基面,刷冷底油、刷涂料，泄水管处处理等全部工作内容
		009	桥面防水卷材	m2	8.0	/	甲方提供防水卷材	/	/	/	按设计图示尺寸以面积计算	卷材运输、裁剪，清理基面,刷冷底油,烤、铺卷材,刷涂料，泄水管处处理等全部工作内容
		010	80型型钢伸缩缝安装	m	300.0	/	甲方提供伸缩缝材料	/	/	/	按照实际安装长度计算	切缝、破除砼、清理沟槽、安装伸缩缝、钢筋制作、安装，浇筑砼、养生
		011	120型型钢伸缩缝安装	m	400.0	/	甲方提供伸缩缝材料	/	/	/	按照实际安装长度计算	切缝、破除砼、清理沟槽、安装伸缩缝、钢筋制作、安装，浇筑砼、养生
		012	160型型钢伸缩缝安装	m	500.0	/	甲方提供伸缩缝材料	/	/	/	按照实际安装长度计算	切缝、破除砼、清理沟槽、安装伸缩缝、钢筋制作、安装，浇筑砼、养生
	09		涵洞工程									
		001	浆砌片石锥体	m3	289.065	片石1.15m3，砂浆0.35m3	/	/	/	甲方负责电接至施工现场配电柜处；甲方提供钢筋加工场地（含行吊）、预制场地；甲方提供施工主便道；甲方提供安全等标识标牌；甲方负责控制测量、试验、检测，但乙方须人工、机械配合	按设计图示尺寸以体积计量	选修片石并洗刷，试放，拌制砂浆、铺浆、挂线砌筑，挤浆并找平、勾缝、整理及养护等全部工作内容
		002	钢筋制安	t	550.0	/	甲方提供钢筋、损耗率1%以内	/	/		按设计图纸的净长、规格换算的重量进行计量，所有搭接、下脚料、定位钢筋均不予计量	钢筋按图纸下料、制作、焊接、绑扎并经验收合格，制安保护层水泥垫块等全部工作内容
		003	基础砼	m3	80.0	/	甲方提供砼、损耗率1%以内	/	/		按设计图示尺寸以体积计量	模板安拆，涂脱模剂，模板支撑加固，支架安拆，浇注砼、振捣、养护、安插接茬石等全部工作内容
		004	盖板涵身边墙、底板砼、顶板砼、涵端墙、翼墙、帽石砼	m3	270.0	/	甲方提供砼、损耗率1%以内	/	/		按设计图示尺寸计量	竹胶板模板制安拆，模板支撑加固，支架安装拆除，浇筑砼、振捣、养护等全部工作内容
		005	框架涵身边墙、底板砼、顶板砼、涵端墙、翼墙、帽石砼	m3	300.0	/	甲方提供砼、损耗率1%以内	/	/		按设计图示尺寸计量	竹胶板模板制安拆，模板支撑加固，支架安装拆除，浇筑砼、振捣、养护等全部工作内容
		006	流水坡、垫层砼灌注	m3	40.0	/	甲方提供砼、损耗率1%以内	/	/		按设计图示尺寸以体积计量	砼灌注、振捣及养护，抹面等全部工作内容
		007	防水层	m2	6.0	/	甲方提供防水层材料	/	/		按设计图示尺寸以体积计量	熬制沥青、铺防水材料，涂刷沥青两遍等全部工作内容
		008	沥青木板沉降缝	m2	18.0	/	甲方提供沉降缝材料	/	/		按设计图示尺寸以体积计量	木板制作、涂沥青及安装等全部工作内容
		009	基础土方开挖，运距1km	m3	8.0	/	/	/	/		以技术交底开挖设计量计量	挖掘机挖装土并运至基坑口外50m，人工修整边坡及基坑底面，基坑维护等全部工作内容
		010	基础石方开挖，运距1km	m3	21.0	/	/	/	/		按设计图示压实断面尺寸计算	基坑石方爆破，挖掘机就位、开挖工作面、挖、装、运1km、清理工作面等全部工作内容
		011	盖板预制	m3	180.0	/	甲方提供砼、损耗率1%以内	/	/		按设计图示尺寸以体积计量	场地平整，模板清理、涂油、安装，砼浇筑、振捣、养生、砼盖板移位、堆放，材料小搬运费等一切相关费用
		012	运输安装盖板	m3	120.0	/	/	/	/		按设计图示尺寸以体积计量	盖板修整、起吊、运输、人工拌砂浆、安装、就位、校正
		013	圆管涵安装	m	60.0	/	/	/	/			
五			隧道工程									
	01		洞口及明洞									
		001	洞口土方开挖(运输1km以内)	m3	7.0	/	/	/	/	/	按图示的断面计算	挖掘机就位、开挖工作面、挖、装、运、卸、空回、清理工作面、弃土场整理等全部工作内容
		002	洞口软石开挖(运输1km以内)	m3	12.0	/	/	/	/	/	按图示的断面计算	挖掘机就位、开挖工作面、挖、装、运、卸、空回、清理工作面、弃土场整理等全部工作内容
		003	洞口坚石开挖(运输1km以内)	m3	20.0	/	/	/	/	/	按图示断面尺寸乘以长度以体积计量	打眼、装药、防护、引爆、清理、解小、推土机配合推运、装卸、运输等全部工作内容
		004	回填土石方	m3	10.0	/	/	/	/	/	按设计图示尺寸以立方米计量	装运、回填（利用隧道弃碴）
		005	洞门回填M10浆砌片石	m3	249.065	片石1.15m3，砂浆0.35m3	/	/	/	/	按设计图示尺寸以立方米计量	选修片石并洗刷，试放，拌制砂浆、铺浆、挂线砌筑，挤浆、找平、勾缝、整理及养护，搭、拆脚手架
		006	洞门端墙锚固钢筋	t	500.0	/	甲方提供钢筋、损耗率1%以内	/	/	/	按设计图纸的净长、规格换算的重量进行计量	钢筋按图纸下料、制作，焊接、绑扎并经验收合格，制作安装保护层水泥垫等全部工作内容。
		007	洞门端墙混凝土	m3	180.0	/	甲方提供砼、损耗率1%以内	/	/	/	按设计图示尺寸以立方米计量	架子搭拆、模板安装及加固、钢筋笼吊装就位、混凝土吊装灌注、振捣、养生等全部工作内容
		008	洞门顶帽混凝土	m3	180.0	/	甲方提供砼、损耗率1%以内	/	/	/	按设计图示尺寸以立方米计量	架子搭拆、模板安装及加固、钢筋笼吊装就位、混凝土吊装灌注、振捣、养生等全部工作内容
		009	洞门抹水泥砂浆	m2	8.0	/	甲方提供水泥砂浆、损耗率1%以内	/	/	/	按设计图示尺寸以平方米计量	表面清理、浇水湿润、砂浆拌制、抹灰、养护等全部工作内容
		010	排水沟混凝土	m3	100.0	/	甲方提供砼、损耗率1%以内	/	/	/	按设计图示尺寸以立方米计量	架子搭拆、模板安装及加固、钢筋笼吊装就位、混凝土吊装灌注、振捣、养生等全部工作内容
		011	M10水泥砂浆片石截水沟、护坡	m3	289.065	片石1.15m3，砂浆0.35m3	/	/	/	/	按现场实际完成合格工程量计量	人工开挖土槽，并运至工作面外30m，修整边坡及沟槽底面清理，拌、运砂浆，选、修、运、破碎石料，搭、移跳板，砌筑、勾缝、养生
		012	明洞钢筋制作运输安装	t	500.0	/	甲方提供钢筋、损耗率1%以内	/	/	/	按设计图纸的净长、规格换算的重量进行计量	钢筋按图纸下料、制作，焊接、绑扎并经验收合格，制作安装保护层水泥垫等全部工作内容。
		013	明洞混凝土	m3	140.0	/	甲方提供砼、损耗率1%以内	甲方提供台车（木模由乙方提供）	/	/	按设计图示尺寸以立方米计量	台车安装运输、模板安装及加固、混凝土泵送灌注、振捣、养生等全部工作内容
	02		洞身									
		001	洞身开挖综合单价（双线）	m3	77.0	/	/	/	/	甲方负责大电接至洞口处；甲方提供炸药库；甲方提供洞外施工主便道；甲方提供安全等标识标牌；甲方负责控制测量、试验、检测，但乙方须人工、机械配合	按图示（不计设计允许超挖、预留变形量）的设计断面计算。含沟槽和各种附属洞室的开挖数量	包括开挖台车移位、维护维修，钻机的维修保养、开挖钻机风水管的接引、布孔、钻眼、钻孔、清孔、装药、爆破、修整、钻杆、钻头、炸药、附属油料、零配件、电费、出渣及空回等一切费用。
			详细分解如下			/	/	/	/			
			洞身开挖	m3	32.0	/	/	/	/			
			三管两路费用摊销	m3	4.5	/	/	/	/			
			电费	m3	11.0	/	/	/	/			
			扒渣、装渣	m3	11.9	/	/	/	/			
			隧道出渣（洞内+洞外1km）	m3	13.4	/	/	/	/			
			空压机	m3	1.1	/	/	/	/			
			通风机	m3	0.45	/	/	/	/			
			凿岩机	m3	1.4	/	/	/	/			
			钻孔台车	m3	0.45	/	/	/	/			
			栈桥	m3	0.8	/	/	/	/			
		002	自卸汽车每增运1km	m3	1.1	/	/	/	/			
		003	溶洞处理钻孔Φ50mm	m	55.0	/	/	/	/		按实际施工长度计算	钻机就位、钻孔、孔位转移等全部工作内容
		004	溶洞处理注浆	t	65.0	/	甲方提供水泥、水玻璃	/	/		按照注浆用水泥、水玻璃的重量结算	施工准备，水泥浆拌制、压浆，材料运输、倒运，安全文明施工等全部工作内容
		005	溶洞处理回填砼	m3	20.0	/	甲方提供砼、损耗率1%以内	/	/		按照实际回填数量结算	施工准备，搭设支架、安拆泵管，浇筑砼，振捣密实，清洗泵管、养生等全部工作内容
	03		支护									
		001	钢筋网加工运输安装	t	650.0	/	甲方提供钢筋、损耗率1%以内	/	/	甲方负责大电接至洞口处；甲方提供钢筋加工场地（含行吊）；甲方提供洞外施工主便道；甲方提供安全等标识标牌；甲方负责控制测量、试验、检测，但乙方须人工、机械配合	按设计尺寸计量。	钢筋除锈、加工、焊接、运输、安装，挂网、点焊、加固等全部工作内容
		002	砂浆锚杆	m	11.0	/	甲方提供锚杆、损耗率1%以内；注浆材料	/	/		按设计尺寸计量。	搭、拆脚手架及平台，钻孔、砂浆制作、灌浆、安装锚杆，封锚等全部工作内容
		003	中空注浆锚杆	m	11.0	/	甲方提供锚杆、损耗率1%以内；注浆材料	/	/		按设计尺寸计量。	搭、拆脚手架及平台，钻孔、砂浆制作、灌浆、安装锚杆，封锚等全部工作内容
		004	Φ42超前小导管	m	12.0	/	甲方提供小导管、损耗率1%以内；注浆材料	/	/		按设计尺寸计量。	钢管制作、运输、布眼、钻孔、顶管、砂浆制作、注浆等全部工作内容
		005	超前大管棚钻孔、顶管、注浆(Φ89～108)	m	110-125	/	甲方提供大管棚、损耗率1%以内；注浆材料	/	/		按照实际施工长度计算	场地清理、搭脚手架、布眼、钻机就位、钻孔、清孔、钢管制作、就位、顶进、注浆等全部工作内容
		006	格栅钢架	t	1150.0	/	甲方提供钢筋、损耗率1%以内	/	/		按设计尺寸计量。	钢筋调直、弯曲，型钢加工制作、运输，焊接，连接件制作，安装等全部工作内容
		007	型钢钢架	t	950.0	/	甲方提供型钢、损耗率1%以内	/	/		按设计尺寸计量。	型钢加工制作、运输，焊接，连接件制作，安装等全部工作内容
		008	洞内喷射C20砼（湿喷）	m3	260.0	/	甲方提供喷射砼、损耗率80%以内（超挖和预留沉降造成的回填以及回弹量）	/	/		按设计图示尺寸计算（超挖、预留沉降、回弹量不单独计量，费用含在综合单价中）	搭、拆脚手架，安、拆、转移机具设备，砼拌合、喷射及养护（湿喷）等全部工作内容
		009	喷射普通砼及纤维砼（潮喷）	m3	220.0	/		/	/			搭、拆脚手架，安、拆、转移机具设备，砼拌合、喷射及养护（潮喷）等全部工作内容
	04		二次衬砌									
		001	拱、墙砼（水沟采用同一单价）	m3	90.0	/	甲方提供砼、损耗率5%以内（超挖和预留沉降造成的回填、台车造成的）	甲方提供二衬台车	/	甲方负责大电接至洞口处；甲方提供钢筋加工场地（含行吊）；甲方提供洞外施工主便道；甲方提供安全等标识标牌；甲方负责控制测量、试验、检测，但乙方须人工、机械配合	按设计尺寸计量。	衬砌砼浇注，台车移动、维修及更换易损件，制安挡头板模型，安装渗水管等全部工作内容
		002	仰拱砼	m3	50.0	/	甲方提供砼、损耗率1%以内	/	/		按设计尺寸计量。	仰拱顶面清理、挡头板模型制安拆，砼灌注、振捣、安插接茬钢筋、抹面、养护等全部工作内容
		003	仰拱填充砼	m3	40.0	/	甲方提供砼、损耗率1%以内	/	/		按设计尺寸计量。	仰拱顶面清理、挡头板模型制安拆，砼灌注、振捣、安插接茬钢筋、抹面、养护等全部工作内容
		004	钢筋	t	560.0	/	甲方提供钢筋、损耗率1%以内	/	/		按完工后设计数量计量。	钢筋除锈、加工、运输、搭拆脚手架、绑扎、焊接、加固等全部工作内容
	05		防水工程									
		001	防水板	m2	5.0	/	甲方提供防水板，损耗率5%以内	防水板台车甲方提供钢材、乙方加工	/	甲方负责大电接至洞口处；甲方提供洞外施工主便道；甲方提供安全等标识标牌；甲方负责控制测量、试验、检测，但乙方须人工、机械配合	按完工后设计数量计量。	搭拆工作平台，钻眼钉锚、敷设及焊接防水板及明洞涂刷防水涂料等全部工作内容
		002	土工布	m2	1.5	/	甲方提供土工布，损耗率2%以内		/		按完工后设计数量计量。	清理铺设面、运料、铺设土工布、搭接并固定等全部工作内容
		003	止水条	m	2.0	/	甲方提供止水条，损耗率2%以内		/		按完工后设计数量计量。	运料、制作安装，检查等全部工作内容
		004	止水带	m	5.0	/	甲方提供止水带，损耗率4%以内		/		按完工后设计数量计量。	运料、制作安装，检查等全部工作内容
		005	透水盲管	m	1.5	/	甲方提供透水盲管，损耗率1%以内		/			
		006	φ110PVC排水管	m	2.0						按设计图示尺寸以长度计量	运料、制作、安装、检查
六			混凝土拌合运输									
		001	砼拌合费用	m3	15.0	/	甲方按配比提供拌合原材料	/	甲方提供拌合机	甲方提供拌合站场地建设、高压电力干线、安全等标识标牌	按实际拌合砼量计算	配料、拌制、出料及清洗等全部工作内容
		002	砼运输费用  运距≤5km	m3	25.0	/	/	/	/	/	砼数量按实际运输数量计列	等待装料、运输、卸料、空回、清洗车辆
		003	砼运输增运费	m3•km	2.0	/	/	/	/	/	砼数量按实际运输数量计列，增运不足0.5Km的，四舍五入不计，0.5－ 1.0Km的按1Km计列	等待装料、运输、卸料、空回、清洗车辆
七			临时工程									
		001	围墙、隔墙等砌筑工程	m³	160.0	/	甲方提供砖、砂浆	/	/	/	按现场实际围墙、隔墙长度与设计墙厚、墙高之积计算	砌筑用材料的场内倒运，砌筑用灰浆拌制，脚手架提供、搭拆、维护、场内外运输，铺浆、砌筑、养护，各类管线通道及洞口预留、预 埋，门窗洞口预留，现场清理等所有相关工序和费用
		002	地面砼硬化	m³	60.0	/	甲方提供砼	/	/	/	按现场实际完成且不超设计的合格圬工体积计算	混凝土泵送、场内运输、浇筑、振捣、养护，各类管线通道及洞口预留；消防、通风管道、通道预埋、预留，相关洞槽预留
		003	垫层混凝土	m³	50.0	/	甲方提供砼	/	/	/	按现场实际完成且不超设计的合格体积计算	下承层整平、夯实、模板安拆、垫层、浇筑砼
、养护
		004	制梁、存梁台座砼	m³	120.0	/	甲方提供砼	/	/	/	按现场实际完成且不超设计的合格体积计算	模板安拆、浇筑砼、养护
		005	料仓隔墙砼	m³	150.0	/	甲方提供砼	/	/	/	按现场实际完成且不超设计的合格体积计算	模板安拆、浇筑砼、养护
		006	20mm砂浆抹面	m²	8.0	/	甲方提供砂浆	/	/	/	按现场实际完成的合格圬工面积计算	抹灰材料场内倒运、灰浆拌制，基层清理、刷浆、打底、抹灰、清面、压光、养护、现场清
理以及相关工序和费用
		007	钢筋制作、安装	t	550.0	/	甲方提供钢筋	/	/	/	按设计图示尺寸计算重量，不计搭接、损耗	制作、运输、绑扎
		008	地板砖铺设	m²	22.0	/	甲方提供砂浆、地板砖	/	/	/	按现场实际完成且不超设计的合格面积计算	清理基层、调运水泥砂浆及刷素水泥浆、试排弹线、锯板修边、铺贴饰面、擦缝、清理净面
		009	贴墙砖	m²	25.0	/	甲方提供砂浆、地板砖	/	/	/	按现场实际完成且不超设计的合格面积计算	清理修补基层表面、打底抹灰、砂浆找平、选料、抹结合层砂浆、贴磁砖、擦缝、清洁表面
		010	人工挖土方	m³	20.0	/	/	/	/	/	按现场实际完成且不超设计的合格体积计算	挖土、装土、将土倒至地面、修理底边、拍底
