rel,path,status,sheet_count,sheets,project,unit,file_size,section,discipline,bill_items,major_amount,major_amount_label
工程量清单、项目招标图纸等/其他费用清单.xlsx,C:\Users\20752\Desktop\哈密国源综合服务中心项目\5-7国源电力哈密煤电公司综合能源集控服务中心工程施工公开招标\招标文件\附件\工程量清单、项目招标图纸等\其他费用清单.xlsx,ok,3,Sheet1; Sheet2; Sheet3,,,14305,图纸附件,,0,,
工程量清单、项目招标图纸等/国源电力哈密煤电公司综合能源集控服务中心施工项目-新能源集控中心部分（招标清单）/国源电力哈密煤电公司综合能源集控服务中心施工项目-新能源集控中心部分.xlsx,C:\Users\20752\Desktop\哈密国源综合服务中心项目\5-7国源电力哈密煤电公司综合能源集控服务中心工程施工公开招标\招标文件\附件\工程量清单、项目招标图纸等\国源电力哈密煤电公司综合能源集控服务中心施工项目-新能源集控中心部分（招标清单）\国源电力哈密煤电公司综合能源集控服务中心施工项目-新能源集控中心部分.xlsx,ok,3,封-1 招标工程量清单封面; 扉-1 招标工程量清单扉页; 表-02 建设项目投标报价汇总表,工程名称：国源电力哈密煤电公司综合能源集控服务中心施工项目-新能源集控中心部分 | 第  1  页 共  1  页,序号 | 单项工程名称 | 金额（元） | 其中: （元）,11166,新能源,集控中心,0,,
工程量清单、项目招标图纸等/国源电力哈密煤电公司综合能源集控服务中心施工项目-新能源集控中心部分（招标清单）/室外工程/停车场工程/停车场工程.xlsx,C:\Users\20752\Desktop\哈密国源综合服务中心项目\5-7国源电力哈密煤电公司综合能源集控服务中心工程施工公开招标\招标文件\附件\工程量清单、项目招标图纸等\国源电力哈密煤电公司综合能源集控服务中心施工项目-新能源集控中心部分（招标清单）\室外工程\停车场工程\停车场工程.xlsx,ok,7,封-1 招标工程量清单封面; 扉-1 招标工程量清单扉页; 表-04 单位工程投标报价汇总表; 表-08 分部分项工程和单价措施项目清单与计价表; 表-11 总价措施项目清单与计价表; 表-12 其他项目清单与计价汇总表; 表-13 规费、税金项目清单与计价表,工程名称：停车场工程 | 标段：国源电力哈密煤电公司综合能源集控服务中心施工项目-新能源集控中心部分 | 第  1  页  共  1  页,单位工程投标报价汇总表,42886,新能源,集控中心,51,,
工程量清单、项目招标图纸等/国源电力哈密煤电公司综合能源集控服务中心施工项目-新能源集控中心部分（招标清单）/室外工程/园林绿化工程/园林绿化工程.xlsx,C:\Users\20752\Desktop\哈密国源综合服务中心项目\5-7国源电力哈密煤电公司综合能源集控服务中心工程施工公开招标\招标文件\附件\工程量清单、项目招标图纸等\国源电力哈密煤电公司综合能源集控服务中心施工项目-新能源集控中心部分（招标清单）\室外工程\园林绿化工程\园林绿化工程.xlsx,ok,7,封-1 招标工程量清单封面; 扉-1 招标工程量清单扉页; 表-04 单位工程投标报价汇总表; 表-08 分部分项工程和单价措施项目清单与计价表; 表-11 总价措施项目清单与计价表; 表-12 其他项目清单与计价汇总表; 表-13 规费、税金项目清单与计价表,工程名称：园林绿化工程 | 标段：国源电力哈密煤电公司综合能源集控服务中心施工项目-新能源集控中心部分 | 第  1  页  共  1  页,单位工程投标报价汇总表,24535,新能源,集控中心,12,,
工程量清单、项目招标图纸等/国源电力哈密煤电公司综合能源集控服务中心施工项目-新能源集控中心部分（招标清单）/室外工程/围墙工程/围墙工程.xlsx,C:\Users\20752\Desktop\哈密国源综合服务中心项目\5-7国源电力哈密煤电公司综合能源集控服务中心工程施工公开招标\招标文件\附件\工程量清单、项目招标图纸等\国源电力哈密煤电公司综合能源集控服务中心施工项目-新能源集控中心部分（招标清单）\室外工程\围墙工程\围墙工程.xlsx,ok,7,封-1 招标工程量清单封面; 扉-1 招标工程量清单扉页; 表-04 单位工程投标报价汇总表; 表-08 分部分项工程和单价措施项目清单与计价表; 表-11 总价措施项目清单与计价表; 表-12 其他项目清单与计价汇总表; 表-13 规费、税金项目清单与计价表,工程名称：围墙工程 | 标段：国源电力哈密煤电公司综合能源集控服务中心施工项目-新能源集控中心部分 | 第  1  页  共  1  页,单位工程投标报价汇总表,37920,新能源,集控中心,47,,
工程量清单、项目招标图纸等/国源电力哈密煤电公司综合能源集控服务中心施工项目-新能源集控中心部分（招标清单）/室外工程/室外工程.xlsx,C:\Users\20752\Desktop\哈密国源综合服务中心项目\5-7国源电力哈密煤电公司综合能源集控服务中心工程施工公开招标\招标文件\附件\工程量清单、项目招标图纸等\国源电力哈密煤电公司综合能源集控服务中心施工项目-新能源集控中心部分（招标清单）\室外工程\室外工程.xlsx,ok,1,表-03 单项工程投标报价汇总表,工程名称：室外工程 | 第  1  页 共  1  页,单项工程投标报价汇总表,8269,新能源,集控中心,0,,
工程量清单、项目招标图纸等/国源电力哈密煤电公司综合能源集控服务中心施工项目-新能源集控中心部分（招标清单）/室外工程/强弱电工程/强弱电工程.xlsx,C:\Users\20752\Desktop\哈密国源综合服务中心项目\5-7国源电力哈密煤电公司综合能源集控服务中心工程施工公开招标\招标文件\附件\工程量清单、项目招标图纸等\国源电力哈密煤电公司综合能源集控服务中心施工项目-新能源集控中心部分（招标清单）\室外工程\强弱电工程\强弱电工程.xlsx,ok,7,封-1 招标工程量清单封面; 扉-1 招标工程量清单扉页; 表-04 单位工程投标报价汇总表; 表-08 分部分项工程和单价措施项目清单与计价表; 表-11 总价措施项目清单与计价表; 表-12 其他项目清单与计价汇总表; 表-13 规费、税金项目清单与计价表,工程名称：强弱电工程 | 标段：国源电力哈密煤电公司综合能源集控服务中心施工项目-新能源集控中心部分 | 第  1  页  共  1  页,单位工程投标报价汇总表,35787,新能源,集控中心,44,,
工程量清单、项目招标图纸等/国源电力哈密煤电公司综合能源集控服务中心施工项目-新能源集控中心部分（招标清单）/室外工程/消防水工程/消防水工程.xlsx,C:\Users\20752\Desktop\哈密国源综合服务中心项目\5-7国源电力哈密煤电公司综合能源集控服务中心工程施工公开招标\招标文件\附件\工程量清单、项目招标图纸等\国源电力哈密煤电公司综合能源集控服务中心施工项目-新能源集控中心部分（招标清单）\室外工程\消防水工程\消防水工程.xlsx,ok,7,封-1 招标工程量清单封面; 扉-1 招标工程量清单扉页; 表-04 单位工程投标报价汇总表; 表-08 分部分项工程和单价措施项目清单与计价表; 表-11 总价措施项目清单与计价表; 表-12 其他项目清单与计价汇总表; 表-13 规费、税金项目清单与计价表,工程名称：消防水工程 | 标段：国源电力哈密煤电公司综合能源集控服务中心施工项目-新能源集控中心部分 | 第  1  页  共  1  页,单位工程投标报价汇总表,29965,新能源,集控中心,33,,
工程量清单、项目招标图纸等/国源电力哈密煤电公司综合能源集控服务中心施工项目-新能源集控中心部分（招标清单）/室外工程/热力工程/热力工程.xlsx,C:\Users\20752\Desktop\哈密国源综合服务中心项目\5-7国源电力哈密煤电公司综合能源集控服务中心工程施工公开招标\招标文件\附件\工程量清单、项目招标图纸等\国源电力哈密煤电公司综合能源集控服务中心施工项目-新能源集控中心部分（招标清单）\室外工程\热力工程\热力工程.xlsx,ok,7,封-1 招标工程量清单封面; 扉-1 招标工程量清单扉页; 表-04 单位工程投标报价汇总表; 表-08 分部分项工程和单价措施项目清单与计价表; 表-11 总价措施项目清单与计价表; 表-12 其他项目清单与计价汇总表; 表-13 规费、税金项目清单与计价表,工程名称：热力工程 | 标段：国源电力哈密煤电公司综合能源集控服务中心施工项目-新能源集控中心部分 | 第  1  页  共  1  页,单位工程投标报价汇总表,25667,新能源,集控中心,17,,
工程量清单、项目招标图纸等/国源电力哈密煤电公司综合能源集控服务中心施工项目-新能源集控中心部分（招标清单）/室外工程/给排水工程/给排水工程.xlsx,C:\Users\20752\Desktop\哈密国源综合服务中心项目\5-7国源电力哈密煤电公司综合能源集控服务中心工程施工公开招标\招标文件\附件\工程量清单、项目招标图纸等\国源电力哈密煤电公司综合能源集控服务中心施工项目-新能源集控中心部分（招标清单）\室外工程\给排水工程\给排水工程.xlsx,ok,7,封-1 招标工程量清单封面; 扉-1 招标工程量清单扉页; 表-04 单位工程投标报价汇总表; 表-08 分部分项工程和单价措施项目清单与计价表; 表-11 总价措施项目清单与计价表; 表-12 其他项目清单与计价汇总表; 表-13 规费、税金项目清单与计价表,工程名称：给排水工程 | 标段：国源电力哈密煤电公司综合能源集控服务中心施工项目-新能源集控中心部分 | 第  1  页  共  1  页,单位工程投标报价汇总表,35086,新能源,集控中心,38,,
工程量清单、项目招标图纸等/国源电力哈密煤电公司综合能源集控服务中心施工项目-新能源集控中心部分（招标清单）/室外工程/道路工程/道路工程.xlsx,C:\Users\20752\Desktop\哈密国源综合服务中心项目\5-7国源电力哈密煤电公司综合能源集控服务中心工程施工公开招标\招标文件\附件\工程量清单、项目招标图纸等\国源电力哈密煤电公司综合能源集控服务中心施工项目-新能源集控中心部分（招标清单）\室外工程\道路工程\道路工程.xlsx,ok,7,封-1 招标工程量清单封面; 扉-1 招标工程量清单扉页; 表-04 单位工程投标报价汇总表; 表-08 分部分项工程和单价措施项目清单与计价表; 表-11 总价措施项目清单与计价表; 表-12 其他项目清单与计价汇总表; 表-13 规费、税金项目清单与计价表,工程名称：道路工程 | 标段：国源电力哈密煤电公司综合能源集控服务中心施工项目-新能源集控中心部分 | 第  1  页  共  1  页,单位工程投标报价汇总表,26832,新能源,集控中心,21,,
工程量清单、项目招标图纸等/国源电力哈密煤电公司综合能源集控服务中心施工项目-新能源集控中心部分（招标清单）/汇总表-新能源集控中心部分.xlsx,C:\Users\20752\Desktop\哈密国源综合服务中心项目\5-7国源电力哈密煤电公司综合能源集控服务中心工程施工公开招标\招标文件\附件\工程量清单、项目招标图纸等\国源电力哈密煤电公司综合能源集控服务中心施工项目-新能源集控中心部分（招标清单）\汇总表-新能源集控中心部分.xlsx,ok,2,审核汇总表; 设备表,工程名称：国源电力哈密煤电公司综合能源集控服务中心施工项目-新能源集控中心部分 | 单位：元,,18784,新能源,集控中心,0,7800000.0,R36 四 | 合计 | 7800000
工程量清单、项目招标图纸等/国源电力哈密煤电公司综合能源集控服务中心施工项目-新能源集控中心部分（招标清单）/集控中心/太阳能工程/太阳能工程.xlsx,C:\Users\20752\Desktop\哈密国源综合服务中心项目\5-7国源电力哈密煤电公司综合能源集控服务中心工程施工公开招标\招标文件\附件\工程量清单、项目招标图纸等\国源电力哈密煤电公司综合能源集控服务中心施工项目-新能源集控中心部分（招标清单）\集控中心\太阳能工程\太阳能工程.xlsx,ok,7,封-1 招标工程量清单封面; 扉-1 招标工程量清单扉页; 表-04 单位工程投标报价汇总表; 表-08 分部分项工程和单价措施项目清单与计价表; 表-11 总价措施项目清单与计价表; 表-12 其他项目清单与计价汇总表; 表-13 规费、税金项目清单与计价表,工程名称：太阳能工程 | 标段：国源电力哈密煤电公司综合能源集控服务中心施工项目-新能源集控中心部分 | 第  1  页  共  1  页,单位工程投标报价汇总表,34669,新能源,集控中心,39,,
工程量清单、项目招标图纸等/国源电力哈密煤电公司综合能源集控服务中心施工项目-新能源集控中心部分（招标清单）/集控中心/建筑工程/建筑工程.xlsx,C:\Users\20752\Desktop\哈密国源综合服务中心项目\5-7国源电力哈密煤电公司综合能源集控服务中心工程施工公开招标\招标文件\附件\工程量清单、项目招标图纸等\国源电力哈密煤电公司综合能源集控服务中心施工项目-新能源集控中心部分（招标清单）\集控中心\建筑工程\建筑工程.xlsx,ok,7,封-1 招标工程量清单封面; 扉-1 招标工程量清单扉页; 表-04 单位工程投标报价汇总表; 表-08 分部分项工程和单价措施项目清单与计价表; 表-11 总价措施项目清单与计价表; 表-12 其他项目清单与计价汇总表; 表-13 规费、税金项目清单与计价表,工程名称：建筑工程 | 标段：国源电力哈密煤电公司综合能源集控服务中心施工项目-新能源集控中心部分 | 第  1  页  共  1  页,单位工程投标报价汇总表,55482,新能源,集控中心,49,,
工程量清单、项目招标图纸等/国源电力哈密煤电公司综合能源集控服务中心施工项目-新能源集控中心部分（招标清单）/集控中心/弱电及监控工程/弱电及监控工程.xlsx,C:\Users\20752\Desktop\哈密国源综合服务中心项目\5-7国源电力哈密煤电公司综合能源集控服务中心工程施工公开招标\招标文件\附件\工程量清单、项目招标图纸等\国源电力哈密煤电公司综合能源集控服务中心施工项目-新能源集控中心部分（招标清单）\集控中心\弱电及监控工程\弱电及监控工程.xlsx,ok,7,封-1 招标工程量清单封面; 扉-1 招标工程量清单扉页; 表-04 单位工程投标报价汇总表; 表-08 分部分项工程和单价措施项目清单与计价表; 表-11 总价措施项目清单与计价表; 表-12 其他项目清单与计价汇总表; 表-13 规费、税金项目清单与计价表,工程名称：弱电及监控工程 | 标段：国源电力哈密煤电公司综合能源集控服务中心施工项目-新能源集控中心部分 | 第  1  页  共  1  页,单位工程投标报价汇总表,33274,新能源,集控中心,46,,
工程量清单、项目招标图纸等/国源电力哈密煤电公司综合能源集控服务中心施工项目-新能源集控中心部分（招标清单）/集控中心/消防报警工程/消防报警工程.xlsx,C:\Users\20752\Desktop\哈密国源综合服务中心项目\5-7国源电力哈密煤电公司综合能源集控服务中心工程施工公开招标\招标文件\附件\工程量清单、项目招标图纸等\国源电力哈密煤电公司综合能源集控服务中心施工项目-新能源集控中心部分（招标清单）\集控中心\消防报警工程\消防报警工程.xlsx,ok,7,封-1 招标工程量清单封面; 扉-1 招标工程量清单扉页; 表-04 单位工程投标报价汇总表; 表-08 分部分项工程和单价措施项目清单与计价表; 表-11 总价措施项目清单与计价表; 表-12 其他项目清单与计价汇总表; 表-13 规费、税金项目清单与计价表,工程名称：消防报警工程 | 标段：国源电力哈密煤电公司综合能源集控服务中心施工项目-新能源集控中心部分 | 第  1  页  共  1  页,单位工程投标报价汇总表,41755,新能源,集控中心,55,,
工程量清单、项目招标图纸等/国源电力哈密煤电公司综合能源集控服务中心施工项目-新能源集控中心部分（招标清单）/集控中心/消防水工程/消防水工程.xlsx,C:\Users\20752\Desktop\哈密国源综合服务中心项目\5-7国源电力哈密煤电公司综合能源集控服务中心工程施工公开招标\招标文件\附件\工程量清单、项目招标图纸等\国源电力哈密煤电公司综合能源集控服务中心施工项目-新能源集控中心部分（招标清单）\集控中心\消防水工程\消防水工程.xlsx,ok,7,封-1 招标工程量清单封面; 扉-1 招标工程量清单扉页; 表-04 单位工程投标报价汇总表; 表-08 分部分项工程和单价措施项目清单与计价表; 表-11 总价措施项目清单与计价表; 表-12 其他项目清单与计价汇总表; 表-13 规费、税金项目清单与计价表,工程名称：消防水工程 | 标段：国源电力哈密煤电公司综合能源集控服务中心施工项目-新能源集控中心部分 | 第  1  页  共  1  页,单位工程投标报价汇总表,60078,新能源,集控中心,44,,
工程量清单、项目招标图纸等/国源电力哈密煤电公司综合能源集控服务中心施工项目-新能源集控中心部分（招标清单）/集控中心/电气工程/电气工程.xlsx,C:\Users\20752\Desktop\哈密国源综合服务中心项目\5-7国源电力哈密煤电公司综合能源集控服务中心工程施工公开招标\招标文件\附件\工程量清单、项目招标图纸等\国源电力哈密煤电公司综合能源集控服务中心施工项目-新能源集控中心部分（招标清单）\集控中心\电气工程\电气工程.xlsx,ok,7,封-1 招标工程量清单封面; 扉-1 招标工程量清单扉页; 表-04 单位工程投标报价汇总表; 表-08 分部分项工程和单价措施项目清单与计价表; 表-11 总价措施项目清单与计价表; 表-12 其他项目清单与计价汇总表; 表-13 规费、税金项目清单与计价表,工程名称：电气工程 | 标段：国源电力哈密煤电公司综合能源集控服务中心施工项目-新能源集控中心部分 | 第  1  页  共  1  页,单位工程投标报价汇总表,69200,新能源,集控中心,45,,
工程量清单、项目招标图纸等/国源电力哈密煤电公司综合能源集控服务中心施工项目-新能源集控中心部分（招标清单）/集控中心/给排水工程/给排水工程.xlsx,C:\Users\20752\Desktop\哈密国源综合服务中心项目\5-7国源电力哈密煤电公司综合能源集控服务中心工程施工公开招标\招标文件\附件\工程量清单、项目招标图纸等\国源电力哈密煤电公司综合能源集控服务中心施工项目-新能源集控中心部分（招标清单）\集控中心\给排水工程\给排水工程.xlsx,ok,7,封-1 招标工程量清单封面; 扉-1 招标工程量清单扉页; 表-04 单位工程投标报价汇总表; 表-08 分部分项工程和单价措施项目清单与计价表; 表-11 总价措施项目清单与计价表; 表-12 其他项目清单与计价汇总表; 表-13 规费、税金项目清单与计价表,工程名称：给排水工程 | 标段：国源电力哈密煤电公司综合能源集控服务中心施工项目-新能源集控中心部分 | 第  1  页  共  1  页,单位工程投标报价汇总表,56614,新能源,集控中心,41,,
工程量清单、项目招标图纸等/国源电力哈密煤电公司综合能源集控服务中心施工项目-新能源集控中心部分（招标清单）/集控中心/装饰工程/装饰工程.xlsx,C:\Users\20752\Desktop\哈密国源综合服务中心项目\5-7国源电力哈密煤电公司综合能源集控服务中心工程施工公开招标\招标文件\附件\工程量清单、项目招标图纸等\国源电力哈密煤电公司综合能源集控服务中心施工项目-新能源集控中心部分（招标清单）\集控中心\装饰工程\装饰工程.xlsx,ok,7,封-1 招标工程量清单封面; 扉-1 招标工程量清单扉页; 表-04 单位工程投标报价汇总表; 表-08 分部分项工程和单价措施项目清单与计价表; 表-11 总价措施项目清单与计价表; 表-12 其他项目清单与计价汇总表; 表-13 规费、税金项目清单与计价表,工程名称：装饰工程 | 标段：国源电力哈密煤电公司综合能源集控服务中心施工项目-新能源集控中心部分 | 第  1  页  共  1  页,单位工程投标报价汇总表,52486,新能源,集控中心,36,,
工程量清单、项目招标图纸等/国源电力哈密煤电公司综合能源集控服务中心施工项目-新能源集控中心部分（招标清单）/集控中心/通风空调工程/通风空调工程.xlsx,C:\Users\20752\Desktop\哈密国源综合服务中心项目\5-7国源电力哈密煤电公司综合能源集控服务中心工程施工公开招标\招标文件\附件\工程量清单、项目招标图纸等\国源电力哈密煤电公司综合能源集控服务中心施工项目-新能源集控中心部分（招标清单）\集控中心\通风空调工程\通风空调工程.xlsx,ok,7,封-1 招标工程量清单封面; 扉-1 招标工程量清单扉页; 表-04 单位工程投标报价汇总表; 表-08 分部分项工程和单价措施项目清单与计价表; 表-11 总价措施项目清单与计价表; 表-12 其他项目清单与计价汇总表; 表-13 规费、税金项目清单与计价表,工程名称：通风空调工程 | 标段：国源电力哈密煤电公司综合能源集控服务中心施工项目-新能源集控中心部分 | 第  1  页  共  1  页,单位工程投标报价汇总表,57888,新能源,集控中心,35,,
工程量清单、项目招标图纸等/国源电力哈密煤电公司综合能源集控服务中心施工项目-新能源集控中心部分（招标清单）/集控中心/集控中心.xlsx,C:\Users\20752\Desktop\哈密国源综合服务中心项目\5-7国源电力哈密煤电公司综合能源集控服务中心工程施工公开招标\招标文件\附件\工程量清单、项目招标图纸等\国源电力哈密煤电公司综合能源集控服务中心施工项目-新能源集控中心部分（招标清单）\集控中心\集控中心.xlsx,ok,1,表-03 单项工程投标报价汇总表,工程名称：集控中心 | 第  1  页 共  1  页,单项工程投标报价汇总表,8307,新能源,集控中心,0,,
工程量清单、项目招标图纸等/国源电力哈密煤电公司综合能源集控服务中心施工项目-明珠供热调度中心部分（招标清单）/国源电力哈密煤电公司综合能源集控服务中心施工项目-明珠供热调度中心部分.xlsx,C:\Users\20752\Desktop\哈密国源综合服务中心项目\5-7国源电力哈密煤电公司综合能源集控服务中心工程施工公开招标\招标文件\附件\工程量清单、项目招标图纸等\国源电力哈密煤电公司综合能源集控服务中心施工项目-明珠供热调度中心部分（招标清单）\国源电力哈密煤电公司综合能源集控服务中心施工项目-明珠供热调度中心部分.xlsx,ok,3,封-1 招标工程量清单封面; 扉-1 招标工程量清单扉页; 表-02 建设项目投标报价汇总表,工程名称：国源电力哈密煤电公司综合能源集控服务中心施工项目-明珠供热调度中心部分 | 第  1  页 共  1  页,序号 | 单项工程名称 | 金额（元） | 其中: （元）,11151,明珠,调度中心,0,,
工程量清单、项目招标图纸等/国源电力哈密煤电公司综合能源集控服务中心施工项目-明珠供热调度中心部分（招标清单）/汇总表-明珠供热调度中心部分.xlsx,C:\Users\20752\Desktop\哈密国源综合服务中心项目\5-7国源电力哈密煤电公司综合能源集控服务中心工程施工公开招标\招标文件\附件\工程量清单、项目招标图纸等\国源电力哈密煤电公司综合能源集控服务中心施工项目-明珠供热调度中心部分（招标清单）\汇总表-明珠供热调度中心部分.xlsx,ok,2,审核汇总表; 设备表,工程名称：国源电力哈密煤电公司综合能源集控服务中心施工项目-明珠供热调度中心部分 | 单位：元,,13682,明珠,调度中心,0,1000000.0,R20 三 | 合计 | 1000000
工程量清单、项目招标图纸等/国源电力哈密煤电公司综合能源集控服务中心施工项目-明珠供热调度中心部分（招标清单）/调度中心/人防工程/人防工程.xlsx,C:\Users\20752\Desktop\哈密国源综合服务中心项目\5-7国源电力哈密煤电公司综合能源集控服务中心工程施工公开招标\招标文件\附件\工程量清单、项目招标图纸等\国源电力哈密煤电公司综合能源集控服务中心施工项目-明珠供热调度中心部分（招标清单）\调度中心\人防工程\人防工程.xlsx,ok,7,封-1 招标工程量清单封面; 扉-1 招标工程量清单扉页; 表-04 单位工程投标报价汇总表; 表-08 分部分项工程和单价措施项目清单与计价表; 表-11 总价措施项目清单与计价表; 表-12 其他项目清单与计价汇总表; 表-13 规费、税金项目清单与计价表,工程名称：人防工程 | 标段：国源电力哈密煤电公司综合能源集控服务中心施工项目-明珠供热调度中心部分 | 第  1  页  共  1  页,单位工程投标报价汇总表,40180,明珠,调度中心,43,,
工程量清单、项目招标图纸等/国源电力哈密煤电公司综合能源集控服务中心施工项目-明珠供热调度中心部分（招标清单）/调度中心/建筑工程/建筑工程.xlsx,C:\Users\20752\Desktop\哈密国源综合服务中心项目\5-7国源电力哈密煤电公司综合能源集控服务中心工程施工公开招标\招标文件\附件\工程量清单、项目招标图纸等\国源电力哈密煤电公司综合能源集控服务中心施工项目-明珠供热调度中心部分（招标清单）\调度中心\建筑工程\建筑工程.xlsx,ok,7,封-1 招标工程量清单封面; 扉-1 招标工程量清单扉页; 表-04 单位工程投标报价汇总表; 表-08 分部分项工程和单价措施项目清单与计价表; 表-11 总价措施项目清单与计价表; 表-12 其他项目清单与计价汇总表; 表-13 规费、税金项目清单与计价表,工程名称：建筑工程 | 标段：国源电力哈密煤电公司综合能源集控服务中心施工项目-明珠供热调度中心部分 | 第  1  页  共  1  页,单位工程投标报价汇总表,56252,明珠,调度中心,46,,
工程量清单、项目招标图纸等/国源电力哈密煤电公司综合能源集控服务中心施工项目-明珠供热调度中心部分（招标清单）/调度中心/弱电及监控工程/弱电及监控工程.xlsx,C:\Users\20752\Desktop\哈密国源综合服务中心项目\5-7国源电力哈密煤电公司综合能源集控服务中心工程施工公开招标\招标文件\附件\工程量清单、项目招标图纸等\国源电力哈密煤电公司综合能源集控服务中心施工项目-明珠供热调度中心部分（招标清单）\调度中心\弱电及监控工程\弱电及监控工程.xlsx,ok,7,封-1 招标工程量清单封面; 扉-1 招标工程量清单扉页; 表-04 单位工程投标报价汇总表; 表-08 分部分项工程和单价措施项目清单与计价表; 表-11 总价措施项目清单与计价表; 表-12 其他项目清单与计价汇总表; 表-13 规费、税金项目清单与计价表,工程名称：弱电及监控工程 | 标段：国源电力哈密煤电公司综合能源集控服务中心施工项目-明珠供热调度中心部分 | 第  1  页  共  1  页,单位工程投标报价汇总表,28999,明珠,调度中心,31,,
工程量清单、项目招标图纸等/国源电力哈密煤电公司综合能源集控服务中心施工项目-明珠供热调度中心部分（招标清单）/调度中心/消防报警工程/消防报警工程.xlsx,C:\Users\20752\Desktop\哈密国源综合服务中心项目\5-7国源电力哈密煤电公司综合能源集控服务中心工程施工公开招标\招标文件\附件\工程量清单、项目招标图纸等\国源电力哈密煤电公司综合能源集控服务中心施工项目-明珠供热调度中心部分（招标清单）\调度中心\消防报警工程\消防报警工程.xlsx,ok,7,封-1 招标工程量清单封面; 扉-1 招标工程量清单扉页; 表-04 单位工程投标报价汇总表; 表-08 分部分项工程和单价措施项目清单与计价表; 表-11 总价措施项目清单与计价表; 表-12 其他项目清单与计价汇总表; 表-13 规费、税金项目清单与计价表,工程名称：消防报警工程 | 标段：国源电力哈密煤电公司综合能源集控服务中心施工项目-明珠供热调度中心部分 | 第  1  页  共  1  页,单位工程投标报价汇总表,33968,明珠,调度中心,51,,
工程量清单、项目招标图纸等/国源电力哈密煤电公司综合能源集控服务中心施工项目-明珠供热调度中心部分（招标清单）/调度中心/消防水工程/消防水工程.xlsx,C:\Users\20752\Desktop\哈密国源综合服务中心项目\5-7国源电力哈密煤电公司综合能源集控服务中心工程施工公开招标\招标文件\附件\工程量清单、项目招标图纸等\国源电力哈密煤电公司综合能源集控服务中心施工项目-明珠供热调度中心部分（招标清单）\调度中心\消防水工程\消防水工程.xlsx,ok,7,封-1 招标工程量清单封面; 扉-1 招标工程量清单扉页; 表-04 单位工程投标报价汇总表; 表-08 分部分项工程和单价措施项目清单与计价表; 表-11 总价措施项目清单与计价表; 表-12 其他项目清单与计价汇总表; 表-13 规费、税金项目清单与计价表,工程名称：消防水工程 | 标段：国源电力哈密煤电公司综合能源集控服务中心施工项目-明珠供热调度中心部分 | 第  1  页  共  1  页,单位工程投标报价汇总表,35126,明珠,调度中心,42,,
工程量清单、项目招标图纸等/国源电力哈密煤电公司综合能源集控服务中心施工项目-明珠供热调度中心部分（招标清单）/调度中心/电气工程/电气工程.xlsx,C:\Users\20752\Desktop\哈密国源综合服务中心项目\5-7国源电力哈密煤电公司综合能源集控服务中心工程施工公开招标\招标文件\附件\工程量清单、项目招标图纸等\国源电力哈密煤电公司综合能源集控服务中心施工项目-明珠供热调度中心部分（招标清单）\调度中心\电气工程\电气工程.xlsx,ok,7,封-1 招标工程量清单封面; 扉-1 招标工程量清单扉页; 表-04 单位工程投标报价汇总表; 表-08 分部分项工程和单价措施项目清单与计价表; 表-11 总价措施项目清单与计价表; 表-12 其他项目清单与计价汇总表; 表-13 规费、税金项目清单与计价表,工程名称：电气工程 | 标段：国源电力哈密煤电公司综合能源集控服务中心施工项目-明珠供热调度中心部分 | 第  1  页  共  1  页,单位工程投标报价汇总表,50071,明珠,调度中心,46,,
工程量清单、项目招标图纸等/国源电力哈密煤电公司综合能源集控服务中心施工项目-明珠供热调度中心部分（招标清单）/调度中心/给排水工程/给排水工程.xlsx,C:\Users\20752\Desktop\哈密国源综合服务中心项目\5-7国源电力哈密煤电公司综合能源集控服务中心工程施工公开招标\招标文件\附件\工程量清单、项目招标图纸等\国源电力哈密煤电公司综合能源集控服务中心施工项目-明珠供热调度中心部分（招标清单）\调度中心\给排水工程\给排水工程.xlsx,ok,7,封-1 招标工程量清单封面; 扉-1 招标工程量清单扉页; 表-04 单位工程投标报价汇总表; 表-08 分部分项工程和单价措施项目清单与计价表; 表-11 总价措施项目清单与计价表; 表-12 其他项目清单与计价汇总表; 表-13 规费、税金项目清单与计价表,工程名称：给排水工程 | 标段：国源电力哈密煤电公司综合能源集控服务中心施工项目-明珠供热调度中心部分 | 第  1  页  共  1  页,单位工程投标报价汇总表,44996,明珠,调度中心,42,,
工程量清单、项目招标图纸等/国源电力哈密煤电公司综合能源集控服务中心施工项目-明珠供热调度中心部分（招标清单）/调度中心/装饰工程/装饰工程.xlsx,C:\Users\20752\Desktop\哈密国源综合服务中心项目\5-7国源电力哈密煤电公司综合能源集控服务中心工程施工公开招标\招标文件\附件\工程量清单、项目招标图纸等\国源电力哈密煤电公司综合能源集控服务中心施工项目-明珠供热调度中心部分（招标清单）\调度中心\装饰工程\装饰工程.xlsx,ok,7,封-1 招标工程量清单封面; 扉-1 招标工程量清单扉页; 表-04 单位工程投标报价汇总表; 表-08 分部分项工程和单价措施项目清单与计价表; 表-11 总价措施项目清单与计价表; 表-12 其他项目清单与计价汇总表; 表-13 规费、税金项目清单与计价表,工程名称：装饰工程 | 标段：国源电力哈密煤电公司综合能源集控服务中心施工项目-明珠供热调度中心部分 | 第  1  页  共  1  页,单位工程投标报价汇总表,58602,明珠,调度中心,37,,
工程量清单、项目招标图纸等/国源电力哈密煤电公司综合能源集控服务中心施工项目-明珠供热调度中心部分（招标清单）/调度中心/调度中心.xlsx,C:\Users\20752\Desktop\哈密国源综合服务中心项目\5-7国源电力哈密煤电公司综合能源集控服务中心工程施工公开招标\招标文件\附件\工程量清单、项目招标图纸等\国源电力哈密煤电公司综合能源集控服务中心施工项目-明珠供热调度中心部分（招标清单）\调度中心\调度中心.xlsx,ok,1,表-03 单项工程投标报价汇总表,工程名称：调度中心 | 第  1  页 共  1  页,单项工程投标报价汇总表,8306,明珠,调度中心,0,,
工程量清单、项目招标图纸等/国源电力哈密煤电公司综合能源集控服务中心施工项目-明珠供热调度中心部分（招标清单）/调度中心/通风空调工程/通风空调工程.xlsx,C:\Users\20752\Desktop\哈密国源综合服务中心项目\5-7国源电力哈密煤电公司综合能源集控服务中心工程施工公开招标\招标文件\附件\工程量清单、项目招标图纸等\国源电力哈密煤电公司综合能源集控服务中心施工项目-明珠供热调度中心部分（招标清单）\调度中心\通风空调工程\通风空调工程.xlsx,ok,7,封-1 招标工程量清单封面; 扉-1 招标工程量清单扉页; 表-04 单位工程投标报价汇总表; 表-08 分部分项工程和单价措施项目清单与计价表; 表-11 总价措施项目清单与计价表; 表-12 其他项目清单与计价汇总表; 表-13 规费、税金项目清单与计价表,工程名称：通风空调工程 | 标段：国源电力哈密煤电公司综合能源集控服务中心施工项目-明珠供热调度中心部分 | 第  1  页  共  1  页,单位工程投标报价汇总表,42888,明珠,调度中心,35,,
清单/人防工程.xlsx,C:\Users\20752\Desktop\哈密国源综合服务中心项目\5-7国源电力哈密煤电公司综合能源集控服务中心工程施工公开招标\招标文件\附件\清单\人防工程.xlsx,ok,7,封-1 招标工程量清单封面; 扉-1 招标工程量清单扉页; 表-04 单位工程投标报价汇总表; 表-08 分部分项工程和单价措施项目清单与计价表; 表-11 总价措施项目清单与计价表; 表-12 其他项目清单与计价汇总表; 表-13 规费、税金项目清单与计价表,工程名称：人防工程 | 标段：国源电力哈密煤电公司综合能源集控服务中心施工项目-明珠供热调度中心部分 | 第  1  页  共  1  页,单位工程投标报价汇总表,40180,清单汇总,人防工程,43,,
清单/停车场工程.xlsx,C:\Users\20752\Desktop\哈密国源综合服务中心项目\5-7国源电力哈密煤电公司综合能源集控服务中心工程施工公开招标\招标文件\附件\清单\停车场工程.xlsx,ok,7,封-1 招标工程量清单封面; 扉-1 招标工程量清单扉页; 表-04 单位工程投标报价汇总表; 表-08 分部分项工程和单价措施项目清单与计价表; 表-11 总价措施项目清单与计价表; 表-12 其他项目清单与计价汇总表; 表-13 规费、税金项目清单与计价表,工程名称：停车场工程 | 标段：国源电力哈密煤电公司综合能源集控服务中心施工项目-新能源集控中心部分 | 第  1  页  共  1  页,单位工程投标报价汇总表,42886,清单汇总,停车场工程,51,,
清单/其他费用清单.xlsx,C:\Users\20752\Desktop\哈密国源综合服务中心项目\5-7国源电力哈密煤电公司综合能源集控服务中心工程施工公开招标\招标文件\附件\清单\其他费用清单.xlsx,ok,3,Sheet1; Sheet2; Sheet3,,,14305,清单汇总,,0,,
清单/园林绿化工程.xlsx,C:\Users\20752\Desktop\哈密国源综合服务中心项目\5-7国源电力哈密煤电公司综合能源集控服务中心工程施工公开招标\招标文件\附件\清单\园林绿化工程.xlsx,ok,7,封-1 招标工程量清单封面; 扉-1 招标工程量清单扉页; 表-04 单位工程投标报价汇总表; 表-08 分部分项工程和单价措施项目清单与计价表; 表-11 总价措施项目清单与计价表; 表-12 其他项目清单与计价汇总表; 表-13 规费、税金项目清单与计价表,工程名称：园林绿化工程 | 标段：国源电力哈密煤电公司综合能源集控服务中心施工项目-新能源集控中心部分 | 第  1  页  共  1  页,单位工程投标报价汇总表,24535,清单汇总,园林绿化工程,12,,
清单/围墙工程.xlsx,C:\Users\20752\Desktop\哈密国源综合服务中心项目\5-7国源电力哈密煤电公司综合能源集控服务中心工程施工公开招标\招标文件\附件\清单\围墙工程.xlsx,ok,7,封-1 招标工程量清单封面; 扉-1 招标工程量清单扉页; 表-04 单位工程投标报价汇总表; 表-08 分部分项工程和单价措施项目清单与计价表; 表-11 总价措施项目清单与计价表; 表-12 其他项目清单与计价汇总表; 表-13 规费、税金项目清单与计价表,工程名称：围墙工程 | 标段：国源电力哈密煤电公司综合能源集控服务中心施工项目-新能源集控中心部分 | 第  1  页  共  1  页,单位工程投标报价汇总表,37920,清单汇总,围墙工程,47,,
清单/国源电力哈密煤电公司综合能源集控服务中心施工项目-新能源集控中心部分.xlsx,C:\Users\20752\Desktop\哈密国源综合服务中心项目\5-7国源电力哈密煤电公司综合能源集控服务中心工程施工公开招标\招标文件\附件\清单\国源电力哈密煤电公司综合能源集控服务中心施工项目-新能源集控中心部分.xlsx,ok,3,封-1 招标工程量清单封面; 扉-1 招标工程量清单扉页; 表-02 建设项目投标报价汇总表,工程名称：国源电力哈密煤电公司综合能源集控服务中心施工项目-新能源集控中心部分 | 第  1  页 共  1  页,序号 | 单项工程名称 | 金额（元） | 其中: （元）,11166,新能源,集控中心,0,,
清单/国源电力哈密煤电公司综合能源集控服务中心施工项目-明珠供热调度中心部分.xlsx,C:\Users\20752\Desktop\哈密国源综合服务中心项目\5-7国源电力哈密煤电公司综合能源集控服务中心工程施工公开招标\招标文件\附件\清单\国源电力哈密煤电公司综合能源集控服务中心施工项目-明珠供热调度中心部分.xlsx,ok,3,封-1 招标工程量清单封面; 扉-1 招标工程量清单扉页; 表-02 建设项目投标报价汇总表,工程名称：国源电力哈密煤电公司综合能源集控服务中心施工项目-明珠供热调度中心部分 | 第  1  页 共  1  页,序号 | 单项工程名称 | 金额（元） | 其中: （元）,11151,明珠,调度中心,0,,
清单/太阳能工程.xlsx,C:\Users\20752\Desktop\哈密国源综合服务中心项目\5-7国源电力哈密煤电公司综合能源集控服务中心工程施工公开招标\招标文件\附件\清单\太阳能工程.xlsx,ok,7,封-1 招标工程量清单封面; 扉-1 招标工程量清单扉页; 表-04 单位工程投标报价汇总表; 表-08 分部分项工程和单价措施项目清单与计价表; 表-11 总价措施项目清单与计价表; 表-12 其他项目清单与计价汇总表; 表-13 规费、税金项目清单与计价表,工程名称：太阳能工程 | 标段：国源电力哈密煤电公司综合能源集控服务中心施工项目-新能源集控中心部分 | 第  1  页  共  1  页,单位工程投标报价汇总表,34669,清单汇总,太阳能工程,39,,
清单/室外工程.xlsx,C:\Users\20752\Desktop\哈密国源综合服务中心项目\5-7国源电力哈密煤电公司综合能源集控服务中心工程施工公开招标\招标文件\附件\清单\室外工程.xlsx,ok,1,表-03 单项工程投标报价汇总表,工程名称：室外工程 | 第  1  页 共  1  页,单项工程投标报价汇总表,8269,清单汇总,室外工程,0,,
清单/建筑工程.xlsx,C:\Users\20752\Desktop\哈密国源综合服务中心项目\5-7国源电力哈密煤电公司综合能源集控服务中心工程施工公开招标\招标文件\附件\清单\建筑工程.xlsx,ok,7,封-1 招标工程量清单封面; 扉-1 招标工程量清单扉页; 表-04 单位工程投标报价汇总表; 表-08 分部分项工程和单价措施项目清单与计价表; 表-11 总价措施项目清单与计价表; 表-12 其他项目清单与计价汇总表; 表-13 规费、税金项目清单与计价表,工程名称：建筑工程 | 标段：国源电力哈密煤电公司综合能源集控服务中心施工项目-新能源集控中心部分 | 第  1  页  共  1  页,单位工程投标报价汇总表,55482,清单汇总,建筑工程,49,,
清单/弱电及监控工程.xlsx,C:\Users\20752\Desktop\哈密国源综合服务中心项目\5-7国源电力哈密煤电公司综合能源集控服务中心工程施工公开招标\招标文件\附件\清单\弱电及监控工程.xlsx,ok,7,封-1 招标工程量清单封面; 扉-1 招标工程量清单扉页; 表-04 单位工程投标报价汇总表; 表-08 分部分项工程和单价措施项目清单与计价表; 表-11 总价措施项目清单与计价表; 表-12 其他项目清单与计价汇总表; 表-13 规费、税金项目清单与计价表,工程名称：弱电及监控工程 | 标段：国源电力哈密煤电公司综合能源集控服务中心施工项目-新能源集控中心部分 | 第  1  页  共  1  页,单位工程投标报价汇总表,33274,清单汇总,弱电及监控工程,46,,
清单/强弱电工程.xlsx,C:\Users\20752\Desktop\哈密国源综合服务中心项目\5-7国源电力哈密煤电公司综合能源集控服务中心工程施工公开招标\招标文件\附件\清单\强弱电工程.xlsx,ok,7,封-1 招标工程量清单封面; 扉-1 招标工程量清单扉页; 表-04 单位工程投标报价汇总表; 表-08 分部分项工程和单价措施项目清单与计价表; 表-11 总价措施项目清单与计价表; 表-12 其他项目清单与计价汇总表; 表-13 规费、税金项目清单与计价表,工程名称：强弱电工程 | 标段：国源电力哈密煤电公司综合能源集控服务中心施工项目-新能源集控中心部分 | 第  1  页  共  1  页,单位工程投标报价汇总表,35787,清单汇总,强弱电工程,44,,
清单/汇总表-新能源集控中心部分.xlsx,C:\Users\20752\Desktop\哈密国源综合服务中心项目\5-7国源电力哈密煤电公司综合能源集控服务中心工程施工公开招标\招标文件\附件\清单\汇总表-新能源集控中心部分.xlsx,ok,2,审核汇总表; 设备表,工程名称：国源电力哈密煤电公司综合能源集控服务中心施工项目-新能源集控中心部分 | 单位：元,,18784,新能源,集控中心,0,7800000.0,R36 四 | 合计 | 7800000
清单/汇总表-明珠供热调度中心部分.xlsx,C:\Users\20752\Desktop\哈密国源综合服务中心项目\5-7国源电力哈密煤电公司综合能源集控服务中心工程施工公开招标\招标文件\附件\清单\汇总表-明珠供热调度中心部分.xlsx,ok,2,审核汇总表; 设备表,工程名称：国源电力哈密煤电公司综合能源集控服务中心施工项目-明珠供热调度中心部分 | 单位：元,,13682,明珠,调度中心,0,1000000.0,R20 三 | 合计 | 1000000
清单/消防报警工程.xlsx,C:\Users\20752\Desktop\哈密国源综合服务中心项目\5-7国源电力哈密煤电公司综合能源集控服务中心工程施工公开招标\招标文件\附件\清单\消防报警工程.xlsx,ok,7,封-1 招标工程量清单封面; 扉-1 招标工程量清单扉页; 表-04 单位工程投标报价汇总表; 表-08 分部分项工程和单价措施项目清单与计价表; 表-11 总价措施项目清单与计价表; 表-12 其他项目清单与计价汇总表; 表-13 规费、税金项目清单与计价表,工程名称：消防报警工程 | 标段：国源电力哈密煤电公司综合能源集控服务中心施工项目-新能源集控中心部分 | 第  1  页  共  1  页,单位工程投标报价汇总表,41755,清单汇总,消防报警工程,55,,
清单/消防水工程.xlsx,C:\Users\20752\Desktop\哈密国源综合服务中心项目\5-7国源电力哈密煤电公司综合能源集控服务中心工程施工公开招标\招标文件\附件\清单\消防水工程.xlsx,ok,7,封-1 招标工程量清单封面; 扉-1 招标工程量清单扉页; 表-04 单位工程投标报价汇总表; 表-08 分部分项工程和单价措施项目清单与计价表; 表-11 总价措施项目清单与计价表; 表-12 其他项目清单与计价汇总表; 表-13 规费、税金项目清单与计价表,工程名称：消防水工程 | 标段：国源电力哈密煤电公司综合能源集控服务中心施工项目-新能源集控中心部分 | 第  1  页  共  1  页,单位工程投标报价汇总表,29965,清单汇总,消防水工程,33,,
清单/热力工程.xlsx,C:\Users\20752\Desktop\哈密国源综合服务中心项目\5-7国源电力哈密煤电公司综合能源集控服务中心工程施工公开招标\招标文件\附件\清单\热力工程.xlsx,ok,7,封-1 招标工程量清单封面; 扉-1 招标工程量清单扉页; 表-04 单位工程投标报价汇总表; 表-08 分部分项工程和单价措施项目清单与计价表; 表-11 总价措施项目清单与计价表; 表-12 其他项目清单与计价汇总表; 表-13 规费、税金项目清单与计价表,工程名称：热力工程 | 标段：国源电力哈密煤电公司综合能源集控服务中心施工项目-新能源集控中心部分 | 第  1  页  共  1  页,单位工程投标报价汇总表,25667,清单汇总,热力工程,17,,
清单/电气工程.xlsx,C:\Users\20752\Desktop\哈密国源综合服务中心项目\5-7国源电力哈密煤电公司综合能源集控服务中心工程施工公开招标\招标文件\附件\清单\电气工程.xlsx,ok,7,封-1 招标工程量清单封面; 扉-1 招标工程量清单扉页; 表-04 单位工程投标报价汇总表; 表-08 分部分项工程和单价措施项目清单与计价表; 表-11 总价措施项目清单与计价表; 表-12 其他项目清单与计价汇总表; 表-13 规费、税金项目清单与计价表,工程名称：电气工程 | 标段：国源电力哈密煤电公司综合能源集控服务中心施工项目-新能源集控中心部分 | 第  1  页  共  1  页,单位工程投标报价汇总表,69200,清单汇总,电气工程,45,,
清单/给排水工程.xlsx,C:\Users\20752\Desktop\哈密国源综合服务中心项目\5-7国源电力哈密煤电公司综合能源集控服务中心工程施工公开招标\招标文件\附件\清单\给排水工程.xlsx,ok,7,封-1 招标工程量清单封面; 扉-1 招标工程量清单扉页; 表-04 单位工程投标报价汇总表; 表-08 分部分项工程和单价措施项目清单与计价表; 表-11 总价措施项目清单与计价表; 表-12 其他项目清单与计价汇总表; 表-13 规费、税金项目清单与计价表,工程名称：给排水工程 | 标段：国源电力哈密煤电公司综合能源集控服务中心施工项目-新能源集控中心部分 | 第  1  页  共  1  页,单位工程投标报价汇总表,35086,清单汇总,给排水工程,38,,
清单/装饰工程.xlsx,C:\Users\20752\Desktop\哈密国源综合服务中心项目\5-7国源电力哈密煤电公司综合能源集控服务中心工程施工公开招标\招标文件\附件\清单\装饰工程.xlsx,ok,7,封-1 招标工程量清单封面; 扉-1 招标工程量清单扉页; 表-04 单位工程投标报价汇总表; 表-08 分部分项工程和单价措施项目清单与计价表; 表-11 总价措施项目清单与计价表; 表-12 其他项目清单与计价汇总表; 表-13 规费、税金项目清单与计价表,工程名称：装饰工程 | 标段：国源电力哈密煤电公司综合能源集控服务中心施工项目-新能源集控中心部分 | 第  1  页  共  1  页,单位工程投标报价汇总表,52486,清单汇总,装饰工程,36,,
清单/调度中心.xlsx,C:\Users\20752\Desktop\哈密国源综合服务中心项目\5-7国源电力哈密煤电公司综合能源集控服务中心工程施工公开招标\招标文件\附件\清单\调度中心.xlsx,ok,1,表-03 单项工程投标报价汇总表,工程名称：调度中心 | 第  1  页 共  1  页,单项工程投标报价汇总表,8306,清单汇总,调度中心,0,,
清单/通风空调工程.xlsx,C:\Users\20752\Desktop\哈密国源综合服务中心项目\5-7国源电力哈密煤电公司综合能源集控服务中心工程施工公开招标\招标文件\附件\清单\通风空调工程.xlsx,ok,7,封-1 招标工程量清单封面; 扉-1 招标工程量清单扉页; 表-04 单位工程投标报价汇总表; 表-08 分部分项工程和单价措施项目清单与计价表; 表-11 总价措施项目清单与计价表; 表-12 其他项目清单与计价汇总表; 表-13 规费、税金项目清单与计价表,工程名称：通风空调工程 | 标段：国源电力哈密煤电公司综合能源集控服务中心施工项目-新能源集控中心部分 | 第  1  页  共  1  页,单位工程投标报价汇总表,57888,清单汇总,通风空调工程,35,,
清单/道路工程.xlsx,C:\Users\20752\Desktop\哈密国源综合服务中心项目\5-7国源电力哈密煤电公司综合能源集控服务中心工程施工公开招标\招标文件\附件\清单\道路工程.xlsx,ok,7,封-1 招标工程量清单封面; 扉-1 招标工程量清单扉页; 表-04 单位工程投标报价汇总表; 表-08 分部分项工程和单价措施项目清单与计价表; 表-11 总价措施项目清单与计价表; 表-12 其他项目清单与计价汇总表; 表-13 规费、税金项目清单与计价表,工程名称：道路工程 | 标段：国源电力哈密煤电公司综合能源集控服务中心施工项目-新能源集控中心部分 | 第  1  页  共  1  页,单位工程投标报价汇总表,26832,清单汇总,道路工程,21,,
清单/集控中心.xlsx,C:\Users\20752\Desktop\哈密国源综合服务中心项目\5-7国源电力哈密煤电公司综合能源集控服务中心工程施工公开招标\招标文件\附件\清单\集控中心.xlsx,ok,1,表-03 单项工程投标报价汇总表,工程名称：集控中心 | 第  1  页 共  1  页,单项工程投标报价汇总表,8307,清单汇总,集控中心,0,,
