账单日期,类别,一级分类,二级分类,账户,金额,客户/供应商,员工,备注,状态,录入时间
2023/2/5,支出,人工支出,工人借支,高治国银行卡1699,-3000,G331青富阿一标四工区桥涵队-,高治国,付吕文斌借支工资,已入账,2023/2/7 15:21
2023/1/20,支出,机械物料,二三项料,高治国银行卡1699,-5000,G331青富阿一标四工区桥涵队-青河众信五金超市,高治国,付众信五金店材料款,已入账,2023/2/7 15:18
2023/1/18,支出,人工支出,工人借支,高治国银行卡1699,-2000,G331青富阿一标四工区桥涵队-,高治国,付吕文斌借支工资,已入账,2023/2/7 15:17
2023/1/17,支出,人工支出,零星用工,高治国银行卡1699,-6000,G331青富阿一标四工区桥涵队-,高治国,付刘兆虎部分工人工资,已入账,2023/2/7 15:16
2023/1/17,支出,人工支出,零星用工,高治国银行卡1699,-6000,G331青富阿一标四工区桥涵队-,高治国,付吕文斌工人剩余部分工人工资,已入账,2023/2/7 15:16
2023/1/10,支出,办公费用,房租水电物管,高治国银行卡1699,-3000,G331青富阿一标四工区桥涵队-克孜尔别克,高治国,付青河租赁房屋2023年租赁费,已入账,2023/2/7 15:14
2022/12/28,支出,日常运营,燃气费,高治国银行卡1699,-468,G331青富阿一标四工区桥涵队-,高治国,购液化气3瓶款,已入账,2022/12/1 11:32
2022/12/19,支出,人工支出,工人借支,高治国银行卡1699,-1000,G331青富阿一标四工区桥涵队-,高治国,付吕文斌借支工资款,已入账,2023/2/7 15:07
2022/12/13,支出,人工支出,人工工资,高治国银行卡1699,-4300,G331青富阿一标四工区桥涵队-挖机司机杜学礼,高治国,付挖机司机杜学礼10月份工资款,已入账,2023/2/7 15:06
2022/12/9,支出,办公费用,房租水电物管,高治国银行卡1699,-2000,G331青富阿一标四工区桥涵队-克孜尔别克,高治国,付青河租赁房屋2023年度房屋租赁费,已入账,2023/2/7 15:05
2022/12/9,支出,日常运营,车辆燃油费（汽油）,高治国银行卡1699,-374,G331青富阿一标四工区桥涵队-,高治国,付高治国回家791加油款,已入账,2023/2/7 15:04
2022/12/9,支出,日常运营,车辆燃油费（汽油）,高治国银行卡1699,-337,G331青富阿一标四工区桥涵队-,高治国,付高治国等3人回家791加油款,已入账,2023/2/7 15:04
2022/12/6,支出,办公费用,交通费,高治国银行卡1699,-465,G331青富阿一标四工区桥涵队-,高治国,付高治国等3人回家高速过路费,已入账,2023/2/7 15:03
2022/12/6,支出,办公费用,交通费,高治国银行卡1699,-535,G331青富阿一标四工区桥涵队-,高治国,付高治国3人回家高速过路费,已入账,2023/2/7 15:02
2022/12/6,支出,日常运营,车辆燃油费（汽油）,高治国银行卡1699,-344,G331青富阿一标四工区桥涵队-,高治国,付高治国等3人回家791加油款,已入账,2023/2/7 15:01
2022/12/5,支出,日常运营,伙食费,高治国银行卡1699,-305,G331青富阿一标四工区桥涵队-,高治国,付高治国、米金福、包国峰三人回家购食品饮料款,已入账,2023/2/7 15:00
2022/12/4,支出,日常运营,车辆燃油费（汽油）,高治国银行卡1699,-660,G331青富阿一标四工区桥涵队-,高治国,付791回家加汽油款,已入账,2023/2/7 14:15
2022/12/3,支出,日常运营,伙食费,高治国银行卡1699,-374,G331青富阿一标四工区桥涵队-,高治国,付高治国等3人回家购食品款,已入账,2023/2/7 14:14
2022/12/3,支出,机械物料,修理费,高治国银行卡1699,-1550,G331青富阿一标四工区桥涵队-,高治国,付791更换雪地胎,已入账,2023/2/7 14:13
2022/12/3,支出,人工支出,工人借支,高治国银行卡1699,-1000,G331青富阿一标四工区桥涵队-,高治国,付吕文斌借支工资,已入账,2023/2/7 14:12
2022/12/3,支出,办公费用,房租水电物管,高治国银行卡1699,-1100,G331青富阿一标四工区桥涵队-,高治国,付驻地三相电电费,已入账,2023/2/7 14:11
2022/11/30,支出,机械物料,修理费,高治国银行卡1699,-540,G331青富阿一标四工区桥涵队-,高治国,修理轻卡车离合器片,已入账,2022/12/1 12:01
2022/11/30,支出,机械物料,运费,高治国银行卡1699,-600,G331青富阿一标四工区桥涵队-,高治国,付9月20日调运潜孔钻板车运费,已入账,2022/12/1 12:00
2022/11/30,支出,办公费用,房租水电物管,高治国银行卡1699,-1600,G331青富阿一标四工区桥涵队-,高治国,付10月20日-11月30日工人封控期间取暖电费,已入账,2022/12/1 11:58
2022/11/30,支出,日常运营,伙食费,高治国银行卡1699,-7850,G331青富阿一标四工区桥涵队-,高治国,付11月份工人疫情封控购食品、烟酒等伙食共计发生7850元,已入账,2022/12/1 11:56
2022/10/31,支出,机械物料,机械租赁,高治国银行卡1699,-6000,G331青富阿一标四工区桥涵队-,高治国,付梁正金吊车租赁费（已结清）,已入账,2022/12/1 11:52
2022/10/31,支出,日常运营,伙食费,高治国银行卡1699,-2480,G331青富阿一标四工区桥涵队-,高治国,付工人疫情封控期间购肉、蛋、菜等食品蔬菜款，以及烟酒等款,已入账,2022/12/1 11:51
2022/10/31,支出,办公费用,房租水电物管,高治国银行卡1699,-500,G331青富阿一标四工区桥涵队-,高治国,付疫情期间工人封控取暖电费,已入账,2022/12/1 11:49
2022/10/31,支出,机械物料,机械租赁,高治国银行卡1699,-12000,G331青富阿一标四工区桥涵队-,高治国,付租赁李富官神冈挖机司机杜向阳9月份工资款抵租赁费,已入账,2022/12/1 11:48
2022/10/31,支出,人工支出,人工工资,高治国银行卡1699,-6000,G331青富阿一标四工区桥涵队-,高治国,付杜学礼小松挖机司机工资款9月份,已入账,2022/12/1 11:47
2022/10/25,支出,日常运营,伙食费,高治国银行卡1699,-2628.52,G331青富阿一标四工区桥涵队-,高治国,付疫情防控期间工人伙食采购食品、米面粮油等款,已入账,2022/12/1 11:46
2022/10/15,支出,人工支出,人工工资,高治国银行卡1699,-5000,G331青富阿一标四工区桥涵队-,高治国,付杜学礼小松挖机司机9月份工资款,已入账,2022/12/1 11:44
2022/10/12,支出,人工支出,劳保用品,高治国银行卡1699,-5063,G331青富阿一标四工区桥涵队-,高治国,购棉被、电暖器、生活物资，交电话费等款,已入账,2022/12/1 11:42
2022/10/10,支出,日常运营,燃气费,高治国银行卡1699,-345,G331青富阿一标四工区桥涵队-,高治国,购液化气共计3罐,已入账,2022/12/1 11:43
2022/9/30,支出,办公费用,房租水电物管,高治国银行卡1699,-1000,G331青富阿一标四工区桥涵队-,高治国,付附属工班租赁红花房屋租赁费9月份,已入账,2022/12/1 11:38
2022/9/30,支出,机械物料,机械租赁,高治国银行卡1699,-5000,G331青富阿一标四工区桥涵队-,高治国,付梁正金吊车租赁使用费,已入账,2022/12/1 11:37
2022/9/30,支出,日常运营,伙食费,高治国银行卡1699,-1004,G331青富阿一标四工区桥涵队-,高治国,购食品，肉类等疫情封控等生活物资,已入账,2022/12/1 11:36
2022/9/29,支出,机械物料,二三项料,高治国银行卡1699,-8900,G331青富阿一标四工区桥涵队-,高治国,付成阳交通购抗震拉杆材料费，详见付款清单,已入账,2022/12/1 11:35
2022/9/28,支出,机械物料,机械租赁,高治国银行卡1699,-1000,G331青富阿一标四工区桥涵队-,高治国,付李富官神冈挖机租赁费,已入账,2022/12/1 11:34
2022/9/28,支出,机械物料,二三项料,高治国银行卡1699,-740,G331青富阿一标四工区桥涵队-,高治国,购电焊条共计9包,已入账,2022/12/1 11:33
2022/9/25,支出,办公费用,房租水电物管,高治国银行卡1699,-300,G331青富阿一标四工区桥涵队-,高治国,付驻地生活用电款,已入账,2022/12/1 11:31
2022/9/24,支出,日常运营,伙食费,高治国银行卡1699,-1250,G331青富阿一标四工区桥涵队-,高治国,购食堂蔬菜、米面粮油等疫情静默食品款,已入账,2022/12/1 11:31
2022/9/20,支出,办公费用,招待费,高治国银行卡1699,-1350,G331青富阿一标四工区桥涵队-,高治国,招待试验监理等5人用餐，及酒水款,已入账,2022/9/24 9:20
2022/9/19,支出,办公费用,房租水电物管,高治国银行卡1699,-1000,G331青富阿一标四工区桥涵队-,高治国,K75盖板涵接电，预缴电费,已入账,2022/9/24 9:19
2022/9/19,支出,日常运营,燃气费,高治国银行卡1699,-115,G331青富阿一标四工区桥涵队-,高治国,购液化气一瓶,已入账,2022/9/24 9:18
2022/9/15,支出,日常运营,伙食费,高治国银行卡1699,-235,G331青富阿一标四工区桥涵队-,高治国,购食品等款,已入账,2022/9/24 9:18
2022/9/15,支出,机械物料,修理费,高治国银行卡1699,-510,G331青富阿一标四工区桥涵队-,高治国,付小松挖机购机油、机滤等款,已入账,2022/9/24 9:17
2022/9/15,支出,机械物料,运费,高治国银行卡1699,-600,G331青富阿一标四工区桥涵队-,高治国,付板车托运小松挖机，自K75-K83,已入账,2022/9/24 9:16
2022/9/15,支出,人工支出,劳保用品,高治国银行卡1699,-300,G331青富阿一标四工区桥涵队-,高治国,购棉被5床,已入账,2022/9/24 9:15
2022/9/15,支出,机械物料,工机具,高治国银行卡1699,-195,G331青富阿一标四工区桥涵队-,高治国,购吊带、挂钩、安全带等工具款,已入账,2022/9/24 9:14
2022/9/14,支出,办公费用,招待费,高治国银行卡1699,-290,G331青富阿一标四工区桥涵队-,高治国,付李周、高治国等人误餐费,已入账,2022/9/24 9:13
2022/9/13,支出,日常运营,燃气费,高治国银行卡1699,-115,G331青富阿一标四工区桥涵队-,高治国,购液化气一瓶,已入账,2022/9/24 9:13
2022/9/12,支出,办公费用,招待费,高治国银行卡1699,-780,G331青富阿一标四工区桥涵队-,高治国,购烟酒等，用于招待。,已入账,2022/9/24 9:12
2022/9/10,支出,办公费用,通信费,高治国银行卡1699,-200,G331青富阿一标四工区桥涵队-,高治国,付手机和网络宽带电话费,已入账,2022/9/24 9:12
2022/9/9,支出,机械物料,运费,高治国银行卡1699,-400,G331青富阿一标四工区桥涵队-,高治国,付随车吊倒运钢筋等材料,已入账,2022/9/24 9:11
2022/9/8,支出,办公费用,招待费,高治国银行卡1699,-380,G331青富阿一标四工区桥涵队-,高治国,招待监理等人误餐费,已入账,2022/9/24 9:10
2022/9/8,支出,机械物料,运费,高治国银行卡1699,-600,G331青富阿一标四工区桥涵队-,高治国,付神钢挖机板车托运费，自K83-K75,已入账,2022/9/24 9:09
2022/9/8,支出,办公费用,房租水电物管,高治国银行卡1699,-100,G331青富阿一标四工区桥涵队-,高治国,付驻地房屋用水抽水电费,已入账,2022/9/24 9:08
2022/9/8,支出,日常运营,伙食费,高治国银行卡1699,-180,G331青富阿一标四工区桥涵队-,高治国,购牛奶等款,已入账,2022/9/24 9:08
2022/9/8,支出,日常运营,燃气费,高治国银行卡1699,-230,G331青富阿一标四工区桥涵队-,高治国,购液化气2瓶,已入账,2022/9/24 9:07
2022/9/7,支出,机械物料,修理费,高治国银行卡1699,-178,G331青富阿一标四工区桥涵队-,高治国,购修理发电机等材料配件款,已入账,2022/9/24 9:06
2022/9/5,支出,机械物料,运费,高治国银行卡1699,-600,G331青富阿一标四工区桥涵队-,高治国,付挖机板车托运费，自K75-K81,已入账,2022/9/24 9:05
2022/9/4,支出,机械物料,二三项料,高治国银行卡1699,-10000,G331青富阿一标四工区桥涵队-青河众信五金超市,高治国,付众信五金货款,已入账,2022/9/24 9:04
2022/9/4,支出,办公费用,办公用品,高治国银行卡1699,-2000,G331青富阿一标四工区桥涵队-,高治国,付331项目部试验室7月 8月试验检测试块费,已入账,2022/9/24 9:03
2022/9/4,支出,日常运营,伙食费,高治国银行卡1699,-185,G331青富阿一标四工区桥涵队-,高治国,购食品、饮料等款,已入账,2022/9/24 8:58
2022/9/3,支出,办公费用,房租水电物管,高治国银行卡1699,-5000,G331青富阿一标四工区桥涵队-克孜尔别克,高治国,付驻地房屋租赁费,已入账,2022/9/24 9:01
2022/9/3,支出,机械物料,运费,高治国银行卡1699,-1480,G331青富阿一标四工区桥涵队-,高治国,付五工区渣土车拉运片石共16车，自K66-K68。,已入账,2022/9/24 9:01
2022/9/3,支出,人工支出,人工工资,高治国银行卡1699,-11000,G331青富阿一标四工区桥涵队-挖机司机杜学礼,高治国,付小松挖机司机杜学礼8月份工资,已入账,2022/9/24 8:59
2022/9/3,支出,人工支出,工人借支,高治国银行卡1699,-15000,G331青富阿一标四工区桥涵队-刘兆虎,高治国,付附属队刘兆虎借支工人工资,已入账,2022/9/24 8:56
2022/9/1,支出,办公费用,办公用品,高治国银行卡1699,-140,G331青富阿一标四工区桥涵队-,高治国,购记号笔、口罩、墨斗等办公用品款,已入账,2022/9/24 8:55
2022/9/1,支出,日常运营,生活用品,高治国银行卡1699,-196,G331青富阿一标四工区桥涵队-,高治国,购药品、生活用品等款,已入账,2022/9/24 8:55
2022/8/31,支出,日常运营,伙食费,高治国银行卡1699,-94,G331青富阿一标四工区桥涵队-,高治国,购食品等款,已入账,2022/9/24 8:51
2022/8/31,支出,办公费用,房租水电物管,高治国银行卡1699,-5000,G331青富阿一标四工区桥涵队-克孜尔别克,高治国,付驻地克孜尔别克房屋租赁费,已入账,2022/9/23 18:52
2022/8/30,支出,机械物料,机械租赁,高治国银行卡1699,-4000,G331青富阿一标四工区桥涵队-李富官,高治国,付租赁神钢挖机租赁费,已入账,2022/9/23 18:51
2022/8/29,支出,办公费用,房租水电物管,高治国银行卡1699,-1000,G331青富阿一标四工区桥涵队-,高治国,付红花租赁房屋8月份租赁费,已入账,2022/9/23 18:50
2022/8/29,支出,日常运营,燃气费,高治国银行卡1699,-115,G331青富阿一标四工区桥涵队-,高治国,购液化气一瓶,已入账,2022/9/23 18:49
2022/8/29,支出,机械物料,二三项料,高治国银行卡1699,-548,G331青富阿一标四工区桥涵队-,高治国,购对拉杆、PVC管等材料款,已入账,2022/9/23 18:49
2022/8/28,支出,人工支出,劳保用品,高治国银行卡1699,-255,G331青富阿一标四工区桥涵队-,高治国,购劳保鞋、手套等款,已入账,2022/9/23 18:48
2022/8/28,支出,机械物料,运费,高治国银行卡1699,-600,G331青富阿一标四工区桥涵队-,高治国,付小松挖机板车托运费,已入账,2022/9/23 18:47
2022/8/28,支出,机械物料,修理费,高治国银行卡1699,-710,G331青富阿一标四工区桥涵队-,高治国,购发电机修理配件款,已入账,2022/9/23 18:46
2022/8/27,支出,办公费用,招待费,高治国银行卡1699,-620,G331青富阿一标四工区桥涵队-,高治国,付招待监理等人餐费,已入账,2022/9/23 18:45
2022/8/26,支出,办公费用,招待费,高治国银行卡1699,-406,G331青富阿一标四工区桥涵队-,高治国,购烟两条，用于招待监理。,已入账,2022/9/23 18:44
2022/8/26,支出,日常运营,车辆燃油费（汽油）,高治国银行卡1699,-430,G331青富阿一标四工区桥涵队-中石油阿勒泰销售公司,高治国,付791加油款,已入账,2022/9/23 18:43
2022/8/25,支出,日常运营,伙食费,高治国银行卡1699,-5000,G331青富阿一标四工区桥涵队-吕文斌,高治国,付吕文斌借支生活费,已入账,2022/9/23 18:43
2022/8/25,支出,人工支出,工人借支,高治国银行卡1699,-20000,G331青富阿一标四工区桥涵队-吕文斌,高治国,付吕文斌借支工人工资,已入账,2022/9/23 18:42
2022/8/25,支出,机械物料,二三项料,高治国银行卡1699,-770,G331青富阿一标四工区桥涵队-青河永兴汽配副油大全,高治国,购液压油、柴机油、冷却液等款,已入账,2022/9/23 18:41
2022/8/23,支出,日常运营,伙食费,高治国银行卡1699,-1743,G331青富阿一标四工区桥涵队-,高治国,购食品材料等款一批,已入账,2022/9/23 18:40
2022/8/22,支出,办公费用,招待费,高治国银行卡1699,-261,G331青富阿一标四工区桥涵队-,高治国,招待监理崔工、项目技术周工等5人误餐费,已入账,2022/9/23 18:37
2022/8/22,支出,日常运营,燃气费,高治国银行卡1699,-115,G331青富阿一标四工区桥涵队-,高治国,购液化气一瓶,已入账,2022/9/23 18:37
2022/8/22,支出,日常运营,伙食费,高治国银行卡1699,-3000,G331青富阿一标四工区桥涵队-吕文斌,高治国,付吕文斌借支生活费,已入账,2022/9/23 18:36
2022/8/22,支出,机械物料,工机具,高治国银行卡1699,-105,G331青富阿一标四工区桥涵队-,高治国,购50米钢卷尺一把,已入账,2022/9/23 18:35
2022/8/21,支出,办公费用,招待费,高治国银行卡1699,-220,G331青富阿一标四工区桥涵队-,高治国,招待监理等人中午工作餐款,已入账,2022/9/23 18:35
2022/8/21,支出,日常运营,伙食费,高治国银行卡1699,-202,G331青富阿一标四工区桥涵队-,高治国,购食品等款,已入账,2022/9/23 18:34
2022/8/20,支出,日常运营,车辆燃油费（汽油）,高治国银行卡1699,-430,G331青富阿一标四工区桥涵队-中石油阿勒泰销售公司,高治国,付791加油款,已入账,2022/9/23 18:34
2022/8/19,支出,人工支出,工人借支,高治国银行卡1699,-5000,G331青富阿一标四工区桥涵队-刘兆虎,高治国,付附属队刘兆虎借支生活费,已入账,2022/9/23 18:33
2022/8/19,支出,办公费用,房租水电物管,高治国银行卡1699,-400,G331青富阿一标四工区桥涵队-,高治国,购驻地两相、三相电表电费,已入账,2022/9/23 18:32
2022/8/19,支出,办公费用,招待费,高治国银行卡1699,-506,G331青富阿一标四工区桥涵队-,高治国,招待监理、项目部技术等人餐费,已入账,2022/9/23 18:31
2022/8/18,支出,日常运营,生活用品,高治国银行卡1699,-474,G331青富阿一标四工区桥涵队-,高治国,购烟酒饮料款（付五工区打桩队发电机款）,已入账,2022/9/23 18:30
2022/8/17,支出,机械物料,二三项料,高治国银行卡1699,-10000,G331青富阿一标四工区桥涵队-青河众信五金超市,高治国,预付众信五金店货款，材料款,已入账,2022/9/23 18:29
2022/8/17,支出,机械物料,二三项料,高治国银行卡1699,-30,G331青富阿一标四工区桥涵队-,高治国,购腻子粉2袋,已入账,2022/9/23 18:27
2022/8/17,支出,日常运营,伙食费,高治国银行卡1699,-5000,G331青富阿一标四工区桥涵队-吕文斌,高治国,付吕文斌借支生活费,已入账,2022/9/23 18:27
2022/8/16,支出,日常运营,伙食费,高治国银行卡1699,-190,G331青富阿一标四工区桥涵队-,高治国,购食品等款,已入账,2022/9/23 18:18
2022/8/15,支出,日常运营,燃气费,高治国银行卡1699,-115,G331青富阿一标四工区桥涵队-,高治国,购液化气一瓶,已入账,2022/9/23 18:18
2022/8/15,支出,日常运营,生活用品,高治国银行卡1699,-524,G331青富阿一标四工区桥涵队-,高治国,购医药用品，跌打损伤药等药品款,已入账,2022/9/23 18:17
2022/8/14,支出,机械物料,机械租赁,高治国银行卡1699,-1700,G331青富阿一标四工区桥涵队-,高治国,付随车吊倒运钢筋，预制盖板等使用费,已入账,2022/9/23 18:16
2022/8/13,支出,机械物料,运费,高治国银行卡1699,-600,G331青富阿一标四工区桥涵队-,高治国,小松挖机自K68-K75托板车转运费,已入账,2022/9/23 18:15
2022/8/13,支出,日常运营,伙食费,高治国银行卡1699,-100,G331青富阿一标四工区桥涵队-,高治国,购食品等款,已入账,2022/9/23 18:14
2022/8/12,支出,日常运营,生活用品,高治国银行卡1699,-474,G331青富阿一标四工区桥涵队-,高治国,购烟酒款,已入账,2022/9/23 18:13
2022/8/11,支出,机械物料,修理费,高治国银行卡1699,-260,G331青富阿一标四工区桥涵队-,高治国,购35KW发电机用电机和油管等材料款,已入账,2022/8/11 20:23
2022/8/11,支出,日常运营,伙食费,高治国银行卡1699,-5000,G331青富阿一标四工区桥涵队-吕文斌,高治国,付吕文斌借支生活费,已入账,2022/9/23 18:12
2022/8/10,支出,机械物料,修理费,高治国银行卡1699,-170,G331青富阿一标四工区桥涵队-,高治国,购发电机用碳刷、继电器款,已入账,2022/8/11 20:22
2022/8/10,支出,机械物料,修理费,高治国银行卡1699,-120,G331青富阿一标四工区桥涵队-,高治国,购手油泵、化油器清洗剂款,已入账,2022/8/11 20:21
2022/8/10,支出,办公费用,房租水电物管,高治国银行卡1699,-190,G331青富阿一标四工区桥涵队-,高治国,付驻地三相电电费款,已入账,2022/8/11 20:20
2022/8/9,支出,办公费用,招待费,高治国银行卡1699,-758,G331青富阿一标四工区桥涵队-,高治国,付招待监理3人共6人餐费和酒水款,已入账,2022/8/11 20:19
2022/8/8,支出,日常运营,伙食费,高治国银行卡1699,-120,G331青富阿一标四工区桥涵队-,高治国,购食品款,已入账,2022/8/11 20:18
2022/8/8,支出,日常运营,燃气费,高治国银行卡1699,-115,G331青富阿一标四工区桥涵队-,高治国,购液化气一瓶,已入账,2022/8/11 20:17
2022/8/8,支出,机械物料,修理费,高治国银行卡1699,-156,G331青富阿一标四工区桥涵队-,高治国,购发电机配件款,已入账,2022/8/11 20:17
2022/8/8,支出,机械物料,周转材料,高治国银行卡1699,-1915,G331青富阿一标四工区桥涵队-,高治国,购十字扣件、槽钢等周转材料款,已入账,2022/8/11 20:15
2022/8/7,支出,日常运营,伙食费,高治国银行卡1699,-5000,G331青富阿一标四工区桥涵队-吕文斌,高治国,付吕文斌借支生活费5000元整,已入账,2022/8/11 20:14
2022/8/7,支出,机械物料,工机具,高治国银行卡1699,-2000,G331青富阿一标四工区桥涵队-,高治国,购二手发电机一台，配电箱和电缆线,已入账,2022/8/11 20:13
2022/8/6,支出,日常运营,伙食费,高治国银行卡1699,-3000,G331青富阿一标四工区桥涵队-吕文斌,高治国,付吕文斌借支伙食费,已入账,2022/8/11 20:11
2022/8/5,支出,办公费用,招待费,高治国银行卡1699,-539,G331青富阿一标四工区桥涵队-,高治国,购招待用烟2条,已入账,2022/8/11 20:11
2022/8/5,支出,机械物料,修理费,高治国银行卡1699,-548,G331青富阿一标四工区桥涵队-,高治国,购小松挖机斗齿、螺丝等材料款,已入账,2022/8/11 20:10
2022/8/5,支出,日常运营,燃气费,高治国银行卡1699,-115,G331青富阿一标四工区桥涵队-,高治国,购液化气一瓶,已入账,2022/8/11 20:09
2022/8/5,支出,人工支出,工人借支,高治国银行卡1699,-5000,G331青富阿一标四工区桥涵队-,高治国,付附属队刘兆虎借支生活费,已入账,2022/8/11 20:09
2022/8/5,支出,日常运营,伙食费,高治国银行卡1699,-53,G331青富阿一标四工区桥涵队-,高治国,购饮料等款,已入账,2022/8/11 20:08
2022/8/4,支出,办公费用,招待费,高治国银行卡1699,-221,G331青富阿一标四工区桥涵队-,高治国,付招待监理饮料、餐费,已入账,2022/8/11 20:08
2022/8/4,支出,人工支出,人工工资,高治国银行卡1699,-11000,G331青富阿一标四工区桥涵队-,高治国,付小松挖机司机杜学礼7月份工资款11000元整,已入账,2022/8/11 20:07
2022/8/3,支出,人工支出,工人借支,高治国银行卡1699,-2000,G331青富阿一标四工区桥涵队-,高治国,付哈族工人胡安借支工资款2000元,已入账,2022/8/11 20:05
2022/8/3,支出,办公费用,通信费,高治国银行卡1699,-300,G331青富阿一标四工区桥涵队-,高治国,付手机电话费等,已入账,2022/8/11 20:04
2022/8/2,支出,日常运营,伙食费,高治国银行卡1699,-375,G331青富阿一标四工区桥涵队-,高治国,购食品等款,已入账,2022/8/11 20:03
2022/8/1,支出,人工支出,劳保用品,高治国银行卡1699,-500,G331青富阿一标四工区桥涵队-,高治国,购劳保衣服等款,已入账,2022/8/11 20:02
2022/8/1,支出,办公费用,房租水电物管,高治国银行卡1699,-100,G331青富阿一标四工区桥涵队-,高治国,付三相电电费,已入账,2022/8/11 20:02
2022/8/1,支出,人工支出,人工工资,高治国银行卡1699,-3000,G331青富阿一标四工区桥涵队-,高治国,付吕文斌借支购材料生活费等款,已入账,2022/8/11 20:01
2022/7/31,支出,机械物料,周转材料,高治国银行卡1699,-2500,G331青富阿一标四工区桥涵队-,高治国,付小光电焊铺加工盖梁模板加工费,已入账,2022/8/11 20:01
2022/7/31,支出,日常运营,车辆维修租赁,高治国银行卡1699,-116.5,G331青富阿一标四工区桥涵队-,高治国,付机油一瓶款,已入账,2022/8/11 20:00
2022/7/31,支出,日常运营,伙食费,高治国银行卡1699,-132,G331青富阿一标四工区桥涵队-,高治国,购食品等款,已入账,2022/8/11 19:59
2022/7/31,支出,机械物料,周转材料,高治国银行卡1699,-3750,G331青富阿一标四工区桥涵队-青河众信五金超市,高治国,付众信五金购50张大板材料款,已入账,2022/8/11 19:58
2022/7/30,支出,日常运营,伙食费,高治国银行卡1699,-105,G331青富阿一标四工区桥涵队-,高治国,购食品、饮料等款,已入账,2022/8/11 19:57
2022/7/30,支出,办公费用,房租水电物管,高治国银行卡1699,-1000,G331青富阿一标四工区桥涵队-,高治国,付附属队租赁红花7月份房屋租赁费,已入账,2022/8/11 19:57
2022/7/30,支出,人工支出,人工工资,高治国银行卡1699,-2000,G331青富阿一标四工区桥涵队-,高治国,借支吕文斌购材料等款,已入账,2022/8/11 19:56
2022/7/28,支出,日常运营,车辆燃油费（汽油）,高治国银行卡1699,-510,G331青富阿一标四工区桥涵队-中石油阿勒泰销售公司,高治国,现金付791车辆加油款,已入账,2022/8/11 19:49
2022/7/27,支出,办公费用,招待费,高治国银行卡1699,-327,G331青富阿一标四工区桥涵队-,高治国,付招待桩检第三方检测1人餐费,已入账,2022/8/11 19:52
2022/7/27,支出,人工支出,工人借支,高治国银行卡1699,-2000,G331青富阿一标四工区桥涵队-,高治国,付哈杰提借支工资2000元整,已入账,2022/8/11 19:51
2022/7/27,支出,日常运营,伙食费,高治国银行卡1699,-90,G331青富阿一标四工区桥涵队-,高治国,付餐费等,已入账,2022/8/11 19:51
2022/7/27,支出,机械物料,工机具,高治国银行卡1699,-520,G331青富阿一标四工区桥涵队-,高治国,购修理发电机等用材料款和附属油款,已入账,2022/8/11 19:50
2022/7/27,支出,办公费用,通信费,高治国银行卡1699,-200,G331青富阿一标四工区桥涵队-,高治国,付宽带网络手机费,已入账,2022/8/11 19:49
2022/7/27,支出,日常运营,伙食费,高治国银行卡1699,-208,G331青富阿一标四工区桥涵队-,高治国,购食品等宽,已入账,2022/8/11 19:48
2022/7/26,支出,日常运营,伙食费,高治国银行卡1699,-25,G331青富阿一标四工区桥涵队-,高治国,付饮料等款,已入账,2022/8/11 19:47
2022/7/26,支出,办公费用,办公用品,高治国银行卡1699,-3000,G331青富阿一标四工区桥涵队-,高治国,付刘志渊试验室试块试验费用,已入账,2022/8/11 19:47
2022/7/25,支出,办公费用,招待费,高治国银行卡1699,-388,G331青富阿一标四工区桥涵队-,高治国,付招待监理2人餐费,已入账,2022/8/11 19:46
2022/7/24,支出,办公费用,房租水电物管,高治国银行卡1699,-100,G331青富阿一标四工区桥涵队-,高治国,购驻地抽水用电表电费f,已入账,2022/8/11 19:45
2022/7/24,支出,日常运营,燃气费,高治国银行卡1699,-115,G331青富阿一标四工区桥涵队-,高治国,购液化气一瓶,已入账,2022/8/11 19:44
2022/7/24,支出,日常运营,伙食费,高治国银行卡1699,-75,G331青富阿一标四工区桥涵队-,高治国,购西瓜等水果款,已入账,2022/8/11 19:44
2022/7/23,支出,办公费用,招待费,高治国银行卡1699,-648,G331青富阿一标四工区桥涵队-,高治国,购招待用烟3条,已入账,2022/8/11 19:43
2022/7/23,支出,日常运营,伙食费,高治国银行卡1699,-46,G331青富阿一标四工区桥涵队-,高治国,付2人误餐餐费,已入账,2022/8/11 19:42
2022/7/23,支出,机械物料,周转材料,高治国银行卡1699,-4750,G331青富阿一标四工区桥涵队-青河废品站,高治国,购钢板、槽钢、角铁等材料用于盖梁加工模板,已入账,2022/8/11 19:42
2022/7/22,支出,日常运营,伙食费,高治国银行卡1699,-77,G331青富阿一标四工区桥涵队-,高治国,购食品等款,已入账,2022/8/11 19:41
2022/7/22,支出,机械物料,机械租赁,高治国银行卡1699,-2000,G331青富阿一标四工区桥涵队-,高治国,付5月19日-22日临时使用挖机台班费,已入账,2022/8/11 19:40
2022/7/22,支出,日常运营,车辆维修租赁,高治国银行卡1699,-2600,G331青富阿一标四工区桥涵队-青河汇众汽修厂,高治国,付汇众汽修厂修理面包车、皮卡车等款,已入账,2022/8/11 19:40
2022/7/20,支出,机械物料,机械租赁,高治国银行卡1699,-1800,G331青富阿一标四工区桥涵队-,高治国,付随车吊倒运钢筋笼等材料款,已入账,2022/8/11 19:36
2022/7/20,支出,机械物料,二三项料,高治国银行卡1699,-5037.5,G331青富阿一标四工区桥涵队-青河众信五金超市,高治国,付众信五金二三项材料等款,已入账,2022/8/11 19:31
2022/7/20,支出,日常运营,伙食费,高治国银行卡1699,-84,G331青富阿一标四工区桥涵队-,高治国,购饮料等款,已入账,2022/8/11 19:30
2022/7/20,支出,日常运营,燃气费,高治国银行卡1699,-115,G331青富阿一标四工区桥涵队-,高治国,购液化气一瓶,已入账,2022/8/11 19:29
2022/7/20,支出,日常运营,燃气费,高治国银行卡1699,-515,G331青富阿一标四工区桥涵队-,高治国,付附属队购液化气瓶一罐,已入账,2022/8/11 19:29
2022/7/19,支出,日常运营,伙食费,高治国银行卡1699,-660,G331青富阿一标四工区桥涵队-,高治国,付购食品等款,已入账,2022/8/11 19:26
2022/7/18,支出,机械物料,机械租赁,高治国银行卡1699,-8300,G331青富阿一标四工区桥涵队-,高治国,付老梁吊车使用5次，浇筑砼等租赁费,已入账,2022/8/11 19:23
2022/7/18,支出,机械物料,机械租赁,高治国银行卡1699,-1300,G331青富阿一标四工区桥涵队-,高治国,付租赁随车吊倒运钢筋笼、模板等,已入账,2022/8/11 19:22
2022/7/17,支出,办公费用,招待费,高治国银行卡1699,-778,G331青富阿一标四工区桥涵队-,高治国,购烟酒饮料食品等款,已入账,2022/8/11 19:21
2022/7/16,支出,人工支出,工人借支,高治国银行卡1699,-1000,G331青富阿一标四工区桥涵队-,高治国,付哈族工人沙力塔那娜提借支工资1000元,已入账,2022/7/17 21:03
2022/7/14,支出,机械物料,机械租赁,高治国银行卡1699,-1000,G331青富阿一标四工区桥涵队-,高治国,付随车吊倒运钢筋笼6个,已入账,2022/7/17 21:02
2022/7/13,支出,日常运营,伙食费,高治国银行卡1699,-55,G331青富阿一标四工区桥涵队-,高治国,购食品等款,已入账,2022/7/17 21:01
2022/7/13,支出,人工支出,工人借支,高治国银行卡1699,-2000,G331青富阿一标四工区桥涵队-,高治国,付哈族工人沙力塔那娜提借支工人工资2000元,已入账,2022/7/17 21:01
2022/7/12,支出,日常运营,车辆燃油费（汽油）,高治国银行卡1699,-400,G331青富阿一标四工区桥涵队-中石油阿勒泰销售公司,高治国,现金加汽油一次791,已入账,2022/7/17 20:59
2022/7/12,支出,日常运营,生活用品,高治国银行卡1699,-159,G331青富阿一标四工区桥涵队-,高治国,购洗衣费、牙膏等生活用品款,已入账,2022/7/17 20:59
2022/7/12,支出,日常运营,燃气费,高治国银行卡1699,-115,G331青富阿一标四工区桥涵队-,高治国,购液化气一瓶,已入账,2022/7/17 20:58
2022/7/12,支出,机械物料,机械租赁,高治国银行卡1699,-500,G331青富阿一标四工区桥涵队-,高治国,付板车调挖机费一趟,已入账,2022/7/17 20:57
2022/7/11,支出,日常运营,伙食费,高治国银行卡1699,-132,G331青富阿一标四工区桥涵队-,高治国,购食品款,已入账,2022/7/17 20:57
2022/7/10,支出,日常运营,燃气费,高治国银行卡1699,-115,G331青富阿一标四工区桥涵队-,高治国,购液化气一瓶,已入账,2022/7/17 20:56
2022/7/10,支出,日常运营,车辆维修租赁,高治国银行卡1699,-2900,G331青富阿一标四工区桥涵队-青河汇众汽修厂,高治国,付汇众汽修厂挖机修空调、换冷媒。东风面包车换玻璃修理等费用,已入账,2022/7/17 20:56
2022/7/10,支出,机械物料,二三项料,高治国银行卡1699,-1600,G331青富阿一标四工区桥涵队-,高治国,购袋装水泥4吨用于箱涵搭板水泥稳定土,已入账,2022/7/17 20:54
2022/7/9,支出,日常运营,伙食费,高治国银行卡1699,-91,G331青富阿一标四工区桥涵队-,高治国,购食品等款,已入账,2022/7/17 20:48
2022/7/9,支出,日常运营,伙食费,高治国银行卡1699,-799,G331青富阿一标四工区桥涵队-,高治国,购食品、烟酒等款,已入账,2022/7/17 20:47
2022/7/9,支出,人工支出,工人借支,高治国银行卡1699,-3000,G331青富阿一标四工区桥涵队-,高治国,付哈族工人把哈提别克借支工资款3000元,已入账,2022/7/17 20:45
2022/7/9,支出,日常运营,伙食费,高治国银行卡1699,-53,G331青富阿一标四工区桥涵队-,高治国,购西瓜等水果款,已入账,2022/7/17 20:42
2022/7/8,支出,机械物料,机械租赁,高治国银行卡1699,-1035,G331青富阿一标四工区桥涵队-,高治国,付吊车租赁费230元每小时，用于75518箱涵顶板浇筑砼,已入账,2022/7/17 20:41
2022/7/8,支出,机械物料,二三项料,高治国银行卡1699,-95,G331青富阿一标四工区桥涵队-,高治国,购PVC管共3根。用于预留洞口,已入账,2022/7/17 20:40
2022/7/8,支出,机械物料,周转材料,高治国银行卡1699,-304,G331青富阿一标四工区桥涵队-,高治国,购铁皮8张，38元每张。用于盖板铺地。,已入账,2022/7/17 20:39
2022/7/8,支出,人工支出,工人借支,高治国银行卡1699,-4800,G331青富阿一标四工区桥涵队-,高治国,付哈族工人沙力塔那娜提借支工资4800元,已入账,2022/7/17 20:34
2022/7/8,支出,办公费用,房租水电物管,高治国银行卡1699,-400,G331青富阿一标四工区桥涵队-,高治国,付驻地和三相电表电费各200元,已入账,2022/7/17 20:33
2022/7/7,支出,办公费用,招待费,高治国银行卡1699,-280,G331青富阿一标四工区桥涵队-,高治国,购烟、饮料等款,已入账,2022/7/17 20:32
2022/7/5,支出,日常运营,燃气费,高治国银行卡1699,-115,G331青富阿一标四工区桥涵队-,高治国,购液化气一瓶,已入账,2022/7/17 20:30
2022/7/4,支出,机械物料,修理费,高治国银行卡1699,-500,G331青富阿一标四工区桥涵队-,高治国,付随车吊青河百盛机动车检测站审验费,已入账,2022/7/17 20:31
2022/7/4,支出,机械物料,二三项料,高治国银行卡1699,-15,G331青富阿一标四工区桥涵队-,高治国,购白灰一袋,已入账,2022/7/17 20:29
2022/7/4,支出,机械物料,工机具,高治国银行卡1699,-2000,G331青富阿一标四工区桥涵队-青河众信五金超市,高治国,预付众信五金购水泵等机具款,已入账,2022/7/17 20:29
2022/7/3,支出,机械物料,周转材料,高治国银行卡1699,-2700,G331青富阿一标四工区桥涵队-青河废品站,高治国,购方钢24根（5*10，115元/根）,已入账,2022/7/17 20:28
2022/7/3,支出,人工支出,人工工资,高治国银行卡1699,-11000,G331青富阿一标四工区桥涵队-,高治国,付挖机司机杜学礼6月份工资款,已入账,2022/7/17 20:26
2022/7/2,支出,日常运营,伙食费,高治国银行卡1699,-261,G331青富阿一标四工区桥涵队-,高治国,购馒头、咸菜等食品款,已入账,2022/7/17 20:25
2022/7/2,支出,机械物料,二三项料,高治国银行卡1699,-5000,G331青富阿一标四工区桥涵队-青河众信五金超市,高治国,预付众信五金店购水泵等材料机具款,已入账,2022/7/17 20:24
2022/7/2,支出,人工支出,工人借支,高治国银行卡1699,-200,G331青富阿一标四工区桥涵队-,高治国,付哈族工人哈依巴尔借支工资款200元,已入账,2022/7/17 20:23
2022/7/2,支出,办公费用,通信费,高治国银行卡1699,-200,G331青富阿一标四工区桥涵队-,高治国,付高治国手机话费,已入账,2022/7/17 20:22
2022/7/1,支出,办公费用,招待费,高治国银行卡1699,-438,G331青富阿一标四工区桥涵队-,高治国,招待监理崔工、包国峰等4人,已入账,2022/7/17 20:21
2022/7/1,支出,日常运营,生活用品,高治国银行卡1699,-584,G331青富阿一标四工区桥涵队-,高治国,购烟、饮料等款,已入账,2022/7/17 20:20
2022/7/1,支出,机械物料,修理费,高治国银行卡1699,-100,G331青富阿一标四工区桥涵队-,高治国,付随车吊审验乌市车管所解锁费,已入账,2022/7/17 20:20
2022/6/30,支出,机械物料,修理费,高治国银行卡1699,-98,G331青富阿一标四工区桥涵队-,高治国,购年奶、食品等款,已入账,2022/7/17 20:18
2022/6/30,支出,机械物料,修理费,高治国银行卡1699,-260,G331青富阿一标四工区桥涵队-,高治国,购随车吊反光贴、反光板、自喷漆等用于车辆审验,已入账,2022/7/17 20:17
2022/6/30,支出,机械物料,修理费,高治国银行卡1699,-30,G331青富阿一标四工区桥涵队-,高治国,购挖机油封一个,已入账,2022/6/30 9:52
2022/6/30,支出,机械物料,二三项料,高治国银行卡1699,-760,G331青富阿一标四工区桥涵队-,高治国,购铁皮20张，38元每张。用于盖板预制,已入账,2022/6/30 9:51
2022/6/30,支出,日常运营,生活用品,高治国银行卡1699,-90,G331青富阿一标四工区桥涵队-,高治国,购蚊蝇香3盒,已入账,2022/6/30 9:51
2022/6/30,支出,机械物料,二三项料,高治国银行卡1699,-1400,G331青富阿一标四工区桥涵队-,高治国,购抗裂砂浆40袋，35元每袋。用于砼面修补,已入账,2022/6/30 9:50
2022/6/30,支出,机械物料,二三项料,高治国银行卡1699,-70,G331青富阿一标四工区桥涵队-,高治国,PPC10型管，2根6米。用于盖板预制锚栓孔预留,已入账,2022/6/30 9:49
2022/6/30,支出,机械物料,二三项料,高治国银行卡1699,-50,G331青富阿一标四工区桥涵队-,高治国,抗裂砂浆1袋,已入账,2022/6/30 9:48
2022/6/30,支出,机械物料,二三项料,高治国银行卡1699,-320,G331青富阿一标四工区桥涵队-,高治国,购白水泥2袋（160元/袋）,已入账,2022/6/30 9:47
2022/6/30,支出,机械物料,二三项料,高治国银行卡1699,-1190,G331青富阿一标四工区桥涵队-,高治国,购方木（松木）17元/根，共70根。用于盖板预制,已入账,2022/6/30 9:46
2022/6/30,支出,机械物料,二三项料,高治国银行卡1699,-70,G331青富阿一标四工区桥涵队-,高治国,购柴油发电机启动钥匙,已入账,2022/6/30 9:45
2022/6/29,支出,人工支出,工人借支,高治国银行卡1699,-15000,G331青富阿一标四工区桥涵队-吕文斌,高治国,付吕文斌借支工人工资款（付郭新建工资）,已入账,2022/6/30 9:41
2022/6/29,支出,日常运营,生活用品,高治国银行卡1699,-34,G331青富阿一标四工区桥涵队-,高治国,付购药品等款,已入账,2022/6/30 9:40
2022/6/29,支出,办公费用,差旅费,高治国银行卡1699,-690,G331青富阿一标四工区桥涵队-,高治国,付高治国、吕敬军青河海悦酒店住宿费及烟、饮料款,已入账,2022/6/30 9:39
2022/6/28,支出,办公费用,招待费,高治国银行卡1699,-722,G331青富阿一标四工区桥涵队-,高治国,付招待张明、吕敬军等人餐费,已入账,2022/6/30 9:37
2022/6/28,支出,办公费用,差旅费,高治国银行卡1699,-298,G331青富阿一标四工区桥涵队-,高治国,付高治国住宿款,已入账,2022/6/30 9:36
2022/6/28,支出,办公费用,招待费,高治国银行卡1699,-175,G331青富阿一标四工区桥涵队-,高治国,付高治国、吕敬军等人餐饮费,已入账,2022/6/30 9:35
2022/6/27,支出,办公费用,招待费,高治国银行卡1699,-186,G331青富阿一标四工区桥涵队-,高治国,付高治国北屯餐饮烟酒款,已入账,2022/6/30 9:34
2022/6/27,支出,办公费用,差旅费,高治国银行卡1699,-104,G331青富阿一标四工区桥涵队-,高治国,付高治国青河-北屯过路费等,已入账,2022/6/30 9:33
2022/6/27,支出,办公费用,房租水电物管,高治国银行卡1699,-100,G331青富阿一标四工区桥涵队-,高治国,付驻地三相电费,已入账,2022/6/30 9:31
2022/6/26,支出,日常运营,伙食费,高治国银行卡1699,-24,G331青富阿一标四工区桥涵队-,高治国,付购饮料、水等款,已入账,2022/6/30 9:31
2022/6/26,支出,人工支出,工人借支,高治国银行卡1699,-1000,G331青富阿一标四工区桥涵队-,高治国,付哈族工人沙力塔那娜提借支工资1000元,已入账,2022/6/30 9:30
2022/6/26,支出,人工支出,零星用工,高治国银行卡1699,-600,G331青富阿一标四工区桥涵队-,高治国,付张文明改K75+528钢波纹管涵人工工费,已入账,2022/6/30 9:28
2022/6/25,支出,办公费用,房租水电物管,高治国银行卡1699,-588,G331青富阿一标四工区桥涵队-,高治国,付材料占用场地使用费（朱马别克）,已入账,2022/6/30 9:05
2022/6/25,支出,办公费用,通信费,高治国银行卡1699,-200,G331青富阿一标四工区桥涵队-,高治国,付驻地网络移动通信费,已入账,2022/6/30 9:04
2022/6/24,支出,人工支出,劳保用品,高治国银行卡1699,-460,G331青富阿一标四工区桥涵队-,高治国,付购洗衣粉、卫生纸、洗发水等劳保生活用品,已入账,2022/6/30 9:03
2022/6/24,支出,日常运营,车辆燃油费（汽油）,高治国银行卡1699,-426,G331青富阿一标四工区桥涵队-中石油阿勒泰销售公司,高治国,付现金加汽油油桶和五菱面包车,已入账,2022/6/30 9:02
2022/6/23,支出,人工支出,工人借支,高治国银行卡1699,-100,G331青富阿一标四工区桥涵队-,高治国,付哈族工人沙力塔那娜提借支工资100元,已入账,2022/6/30 9:01
2022/6/23,支出,机械物料,修理费,高治国银行卡1699,-20,G331青富阿一标四工区桥涵队-,高治国,50KV柴油发电机压油管一根,已入账,2022/6/30 8:59
2022/6/23,支出,日常运营,伙食费,高治国银行卡1699,-164,G331青富阿一标四工区桥涵队-,高治国,购西瓜等水果款,已入账,2022/6/30 8:59
2022/6/22,支出,机械物料,修理费,高治国银行卡1699,-300,G331青富阿一标四工区桥涵队-,高治国,付修理蹦蹦夯，购维修配件等款,已入账,2022/6/23 9:03
2022/6/22,支出,日常运营,伙食费,高治国银行卡1699,-5000,G331青富阿一标四工区桥涵队-,高治国,付吕文斌借支生活费,已入账,2022/6/23 8:59
2022/6/22,支出,日常运营,伙食费,高治国银行卡1699,-40,G331青富阿一标四工区桥涵队-,高治国,购饮用水等款,已入账,2022/6/23 8:58
2022/6/22,支出,日常运营,伙食费,高治国银行卡1699,-194,G331青富阿一标四工区桥涵队-,高治国,购食品等款,已入账,2022/6/23 8:58
2022/6/21,支出,办公费用,房租水电物管,高治国银行卡1699,-800,G331青富阿一标四工区桥涵队-,高治国,付租赁红花房屋6月份房屋租赁费,已入账,2022/6/23 8:57
2022/6/21,支出,日常运营,燃气费,高治国银行卡1699,-115,G331青富阿一标四工区桥涵队-,高治国,购液化气一瓶,已入账,2022/6/23 8:57
2022/6/21,支出,日常运营,车辆维修租赁,高治国银行卡1699,-65,G331青富阿一标四工区桥涵队-,高治国,付车辆补胎等款,已入账,2022/6/23 8:56
2022/6/21,支出,日常运营,邮寄费,高治国银行卡1699,-40,G331青富阿一标四工区桥涵队-,高治国,付青河物流货运部收取件费,已入账,2022/6/23 8:56
2022/6/20,支出,人工支出,工人借支,高治国银行卡1699,-500,G331青富阿一标四工区桥涵队-,高治国,付哈族工人胡安借支工资500元,已入账,2022/6/23 8:55
2022/6/20,支出,人工支出,工人借支,高治国银行卡1699,-500,G331青富阿一标四工区桥涵队-,高治国,付哈族工人沙力塔那娜提借支工资500元,已入账,2022/6/23 8:54
2022/6/20,支出,日常运营,邮寄费,高治国银行卡1699,-20,G331青富阿一标四工区桥涵队-,高治国,付收取货物运费,已入账,2022/6/23 8:54
2022/6/20,支出,日常运营,伙食费,高治国银行卡1699,-45,G331青富阿一标四工区桥涵队-,高治国,付购饮用水等款,已入账,2022/6/23 8:53
2022/6/19,支出,办公费用,房租水电物管,高治国银行卡1699,-100,G331青富阿一标四工区桥涵队-,高治国,付租赁红花房屋电费,已入账,2022/6/23 8:52
2022/6/19,支出,机械物料,修理费,高治国银行卡1699,-1525,G331青富阿一标四工区桥涵队-,高治国,购30KV、50KV柴油发电机组保养、维修配件款（空滤、柴滤、机滤，机油2桶，防冻液4桶）等,已入账,2022/6/23 8:51
2022/6/19,支出,日常运营,生活用品,高治国银行卡1699,-354,G331青富阿一标四工区桥涵队-,高治国,购烟2条，饮料等款,已入账,2022/6/23 8:49
2022/6/19,支出,机械物料,修理费,高治国银行卡1699,-308,G331青富阿一标四工区桥涵队-,高治国,购柴油小发电机2台修理配件款（空滤、柴滤、空滤盒）,已入账,2022/6/23 8:48
2022/6/18,支出,人工支出,工人借支,高治国银行卡1699,-1000,G331青富阿一标四工区桥涵队-,高治国,付哈族工人哈杰提借支工资1000元,已入账,2022/6/23 8:47
2022/6/18,支出,人工支出,工人借支,高治国银行卡1699,-200,G331青富阿一标四工区桥涵队-,高治国,付沙力塔那娜提借支工资200元,已入账,2022/6/23 8:46
2022/6/17,支出,办公费用,招待费,高治国银行卡1699,-350,G331青富阿一标四工区桥涵队-,高治国,请监理马工等人夜市烧烤餐费,已入账,2022/6/23 8:45
2022/6/17,支出,机械物料,二三项料,高治国银行卡1699,-2400,G331青富阿一标四工区桥涵队-青河腾博建材,高治国,付购买小板50张,已入账,2022/6/23 8:37
2022/6/16,支出,机械物料,修理费,高治国银行卡1699,-90,G331青富阿一标四工区桥涵队-,高治国,付小松挖机购O型圈一盒款,已入账,2022/6/23 8:36
2022/6/16,支出,人工支出,零星用工,高治国银行卡1699,-4300,G331青富阿一标四工区桥涵队-,高治国,付地坪浇筑（320，15元每）5人工费,已入账,2022/6/23 8:34
2022/6/15,支出,办公费用,招待费,高治国银行卡1699,-620,G331青富阿一标四工区桥涵队-,高治国,付招待四工区等人就餐费,已入账,2022/6/23 8:33
2022/6/14,支出,日常运营,伙食费,高治国银行卡1699,-30,G331青富阿一标四工区桥涵队-,高治国,购豆腐乳等款,已入账,2022/6/14 23:54
2022/6/14,支出,日常运营,生活用品,高治国银行卡1699,-119,G331青富阿一标四工区桥涵队-,高治国,购蚊香等款,已入账,2022/6/14 23:53
2022/6/14,支出,日常运营,燃气费,高治国银行卡1699,-115,G331青富阿一标四工区桥涵队-,高治国,购换液化气一瓶,已入账,2022/6/14 23:52
2022/6/14,支出,日常运营,生活用品,高治国银行卡1699,-49,G331青富阿一标四工区桥涵队-,高治国,购挖机司机用记录本、笔，饮用水等款,已入账,2022/6/14 23:51
2022/6/14,支出,机械物料,工机具,高治国银行卡1699,-37,G331青富阿一标四工区桥涵队-五金联盟,高治国,付购十字扳手、链条扳手工具款,已入账,2022/6/14 23:50
2022/6/14,支出,机械物料,运费,高治国银行卡1699,-210,G331青富阿一标四工区桥涵队-,高治国,付挖机配件物流货运运费,已入账,2022/6/14 23:50
2022/6/14,支出,日常运营,伙食费,高治国银行卡1699,-10000,G331青富阿一标四工区桥涵队-吕文斌,高治国,付吕文斌借支生活费,已入账,2022/6/23 8:32
2022/6/14,支出,日常运营,伙食费,高治国银行卡1699,-30,G331青富阿一标四工区桥涵队-,,购饮料、水等款,已入账,2022/6/23 8:31
2022/6/13,支出,日常运营,车辆维修租赁,高治国银行卡1699,-1510,G331青富阿一标四工区桥涵队-青河汇众汽修厂,高治国,付面包车、皮卡、791保养修理费,已入账,2022/6/14 23:49
2022/6/13,支出,人工支出,工人借支,高治国银行卡1699,-300,G331青富阿一标四工区桥涵队-,高治国,付哈族工人沙力塔那提借支工资款300元,已入账,2022/6/14 23:47
2022/6/13,支出,机械物料,工机具,高治国银行卡1699,-4000,G331青富阿一标四工区桥涵队-青河众信五金超市,高治国,预付众信五金购电缆线150米，黑心棉等材料款,已入账,2022/6/14 23:46
2022/6/13,支出,日常运营,生活用品,高治国银行卡1699,-434,G331青富阿一标四工区桥涵队-,高治国,购烟两条,已入账,2022/6/14 23:45
2022/6/13,支出,日常运营,伙食费,高治国银行卡1699,-84,G331青富阿一标四工区桥涵队-,高治国,购咸菜等食品款,已入账,2022/6/14 23:44
2022/6/12,支出,日常运营,伙食费,高治国银行卡1699,-123,G331青富阿一标四工区桥涵队-,高治国,购雪糕、食品、饮料等款,已入账,2022/6/14 23:42
2022/6/12,支出,机械物料,运费,高治国银行卡1699,-700,G331青富阿一标四工区桥涵队-,高治国,付挖机自75拖运至81板车费,已入账,2022/6/14 23:39
2022/6/12,支出,机械物料,机械租赁,高治国银行卡1699,-600,G331青富阿一标四工区桥涵队-,高治国,付吊车租赁使用费用于卸钢筋一车,已入账,2022/6/14 23:20
2022/6/12,支出,日常运营,伙食费,高治国银行卡1699,-105,G331青富阿一标四工区桥涵队-,高治国,付购饮料、纯净水、雪糕等款,已入账,2022/6/14 23:19
2022/6/10,支出,人工支出,工人借支,高治国银行卡1699,-20000,G331青富阿一标四工区桥涵队-吕文斌,高治国,付吕文斌借支工人工资20000元,已入账,2022/6/14 23:17
2022/6/10,支出,人工支出,工人借支,高治国银行卡1699,-1000,G331青富阿一标四工区桥涵队-,高治国,付哈族工人巴哈尔提别克借支工资1000元,已入账,2022/6/14 23:16
2022/6/9,支出,日常运营,伙食费,高治国银行卡1699,-31,G331青富阿一标四工区桥涵队-,高治国,付购饮用水、饮料等款,已入账,2022/6/14 23:15
2022/6/9,支出,日常运营,伙食费,高治国银行卡1699,-205,G331青富阿一标四工区桥涵队-,高治国,付高治国、李周就餐费,已入账,2022/6/14 23:14
2022/6/8,支出,日常运营,伙食费,高治国银行卡1699,-186,G331青富阿一标四工区桥涵队-,高治国,购食品、西瓜等款,已入账,2022/6/14 23:13
2022/6/8,支出,机械物料,工机具,高治国银行卡1699,-350,G331青富阿一标四工区桥涵队-,高治国,购二相线缆50米，坡度尺、角尺、剥线钳等工具,已入账,2022/6/14 23:12
2022/6/8,支出,机械物料,二三项料,高治国银行卡1699,-200,G331青富阿一标四工区桥涵队-,高治国,购模板油1桶,已入账,2022/6/14 23:11
2022/6/8,支出,机械物料,工机具,高治国银行卡1699,-174,G331青富阿一标四工区桥涵队-五金联盟,高治国,购胶带、钉锤、开关等工具材料款,已入账,2022/6/14 23:10
2022/6/7,支出,办公费用,招待费,高治国银行卡1699,-600,G331青富阿一标四工区桥涵队-,高治国,付招待监理崔工、项目技术员李工就餐、酒水款,已入账,2022/6/14 23:03
2022/6/7,支出,日常运营,伙食费,高治国银行卡1699,-10000,G331青富阿一标四工区桥涵队-吕文斌,高治国,付吕文斌生活费款,已入账,2022/6/14 23:02
2022/6/7,支出,机械物料,二三项料,高治国银行卡1699,-240,G331青富阿一标四工区桥涵队-,高治国,购修补砼用界面剂款,已入账,2022/6/14 23:01
2022/6/7,支出,机械物料,工机具,高治国银行卡1699,-100,G331青富阿一标四工区桥涵队-,高治国,付加工挖机吊钩款,已入账,2022/6/14 23:01
2022/6/7,支出,日常运营,生活用品,高治国银行卡1699,-320,G331青富阿一标四工区桥涵队-,高治国,付高治国购烟、饮料等款,已入账,2022/6/14 23:00
2022/6/7,支出,人工支出,工人借支,高治国银行卡1699,-200,G331青富阿一标四工区桥涵队-,高治国,付哈族工人哈依巴尔借支工资款200元,已入账,2022/6/14 22:59
2022/6/6,支出,机械物料,二三项料,高治国银行卡1699,-2000,G331青富阿一标四工区桥涵队-青河众信五金超市,高治国,预付众信五金商行五金材料款,已入账,2022/6/14 22:50
2022/6/6,支出,办公费用,房租水电物管,高治国银行卡1699,-50,G331青富阿一标四工区桥涵队-,高治国,付用水电费50元,已入账,2022/6/14 22:49
2022/6/5,支出,人工支出,工人借支,高治国银行卡1699,-1800,G331青富阿一标四工区桥涵队-,高治国,借支杜学礼挖机司机5月份工费1800元（5天）,已入账,2022/6/5 23:33
2022/6/5,支出,人工支出,工人借支,高治国银行卡1699,-200,G331青富阿一标四工区桥涵队-,高治国,沙力塔那娜提借支工资200元,已入账,2022/6/5 23:32
2022/6/5,支出,日常运营,生活用品,高治国银行卡1699,-420,G331青富阿一标四工区桥涵队-,高治国,购烟、茶叶款,已入账,2022/6/5 23:31
2022/6/5,支出,日常运营,生活用品,高治国银行卡1699,-48,G331青富阿一标四工区桥涵队-,高治国,购换纯净水3桶,已入账,2022/6/5 23:31
2022/6/5,支出,机械物料,工机具,高治国银行卡1699,-205,G331青富阿一标四工区桥涵队-,高治国,购20吨千斤顶1台,已入账,2022/6/5 23:30
2022/6/5,支出,日常运营,燃气费,高治国银行卡1699,-115,G331青富阿一标四工区桥涵队-,高治国,购换液化气一瓶,已入账,2022/6/5 23:29
2022/6/5,支出,日常运营,伙食费,高治国银行卡1699,-50,G331青富阿一标四工区桥涵队-,高治国,购水果款,已入账,2022/6/5 23:28
2022/6/5,支出,机械物料,二三项料,高治国银行卡1699,-75,G331青富阿一标四工区桥涵队-,高治国,购电瓶线夹，铜线鼻等款,已入账,2022/6/5 23:28
2022/6/5,支出,机械物料,运费,高治国银行卡1699,-100,G331青富阿一标四工区桥涵队-,高治国,付乌市至青河踏步板货运物流费,已入账,2022/6/5 23:26
2022/6/5,支出,机械物料,工机具,高治国银行卡1699,-2154,G331青富阿一标四工区桥涵队-,高治国,付购随车吊电瓶2个，皮卡车电瓶1个,已入账,2022/6/5 23:24
2022/6/5,支出,机械物料,二三项料,高治国银行卡1699,-2000,G331青富阿一标四工区桥涵队-青河众信五金超市,高治国,预付众信五金店购二三项材料款,已入账,2022/6/5 23:23
2022/6/4,支出,机械物料,周转材料,高治国银行卡1699,-420,G331青富阿一标四工区桥涵队-,高治国,付购转向扣件120个（3.5元每个）,已入账,2022/6/5 23:22
2022/6/3,支出,机械物料,修理费,高治国银行卡1699,-140,G331青富阿一标四工区桥涵队-,高治国,付修理蹦蹦夯拉盘材料费,已入账,2022/6/5 23:21
2022/6/3,支出,机械物料,修理费,高治国银行卡1699,-100,G331青富阿一标四工区桥涵队-,高治国,付蹦蹦夯（大汽油机）修理费,已入账,2022/6/5 23:20
2022/6/1,支出,机械物料,周转材料,高治国银行卡1699,-3936,G331青富阿一标四工区桥涵队-,高治国,购架管1190公斤(3.3元每公斤),已入账,2022/6/5 23:19
2022/6/1,支出,机械物料,二三项料,高治国银行卡1699,-1680,G331青富阿一标四工区桥涵队-,高治国,购波形踏步板30张（56元每张）,已入账,2022/6/5 23:18
2022/6/1,支出,日常运营,生活用品,高治国银行卡1699,-236,G331青富阿一标四工区桥涵队-,高治国,购酒水、食品等款,已入账,2022/6/5 23:17
2022/6/1,支出,机械物料,二三项料,高治国银行卡1699,-320,G331青富阿一标四工区桥涵队-,高治国,付购汽机油、柴机油各1壶，机油润滑油2壶。（用于发电机、蹦蹦夯）,已入账,2022/6/5 23:16
2022/6/1,支出,人工支出,零星用工,高治国银行卡1699,-3000,G331青富阿一标四工区桥涵队-,高治国,付克孜尔别克安装水闸K74+391改渠人工费,已入账,2022/6/5 23:11
2022/6/1,支出,机械物料,修理费,高治国银行卡1699,-240,G331青富阿一标四工区桥涵队-,高治国,付修理蹦蹦夯（电机）修理费（换皮碗）,已入账,2022/6/5 23:09
2022/6/1,支出,人工支出,零星用工,高治国银行卡1699,-600,G331青富阿一标四工区桥涵队-,高治国,付张文明改K74+240钢波纹管和沥青漆2桶,已入账,2022/6/5 22:59
2022/6/1,支出,日常运营,伙食费,高治国银行卡1699,-10000,G331青富阿一标四工区桥涵队-吕文斌,高治国,付吕文斌生活伙食费,已入账,2022/6/5 22:41
2022/5/31,支出,日常运营,伙食费,高治国银行卡1699,-5000,G331青富阿一标四工区桥涵队-吕文斌,高治国,付吕文斌生活伙食费,已入账,2022/6/1 11:53
2022/5/31,支出,机械物料,周转材料,高治国银行卡1699,-1750,G331青富阿一标四工区桥涵队-,高治国,购十字扣件500个（3.5元每个）,已入账,2022/6/1 11:52
2022/5/30,支出,日常运营,生活用品,高治国银行卡1699,-92,G331青富阿一标四工区桥涵队-,高治国,付购生活用品款等,已入账,2022/6/1 11:51
2022/5/29,支出,人工支出,工人借支,高治国银行卡1699,-2000,G331青富阿一标四工区桥涵队-,高治国,付钢筋焊工米金福借支2000元,已入账,2022/6/1 11:50
2022/5/28,支出,办公费用,交通费,高治国银行卡1699,-1600,G331青富阿一标四工区桥涵队-,高治国,付挖机司机杜学礼自西安-阿勒泰-青河路费及被褥费,已入账,2022/6/1 11:49
2022/5/27,支出,机械物料,二三项料,高治国银行卡1699,-660,G331青富阿一标四工区桥涵队-,高治国,购水泥30袋，用于管涵水泥稳定土,已入账,2022/5/28 9:36
2022/5/27,支出,机械物料,修理费,高治国银行卡1699,-160,G331青富阿一标四工区桥涵队-,高治国,付蹦蹦夯修理费及配件款,已入账,2022/5/28 9:36
2022/5/27,支出,日常运营,伙食费,高治国银行卡1699,-257,G331青富阿一标四工区桥涵队-,高治国,付购饮用水款,已入账,2022/5/28 9:35
2022/5/24,支出,机械物料,二三项料,高治国银行卡1699,-890,G331青富阿一标四工区桥涵队-,高治国,购竹排架、木板搭板及运费,已入账,2022/5/25 22:21
2022/5/24,支出,日常运营,燃气费,高治国银行卡1699,-115,G331青富阿一标四工区桥涵队-,高治国,购液化气一瓶,已入账,2022/5/25 22:19
2022/5/23,支出,机械物料,周转材料,高治国银行卡1699,-1100,G331青富阿一标四工区桥涵队-,高治国,购十字、转向扣件，油桶2个,已入账,2022/5/24 22:01
2022/5/23,支出,机械物料,修理费,高治国银行卡1699,-200,G331青富阿一标四工区桥涵队-,高治国,付蹦蹦夯修理费,已入账,2022/5/24 21:54
2022/5/22,支出,日常运营,车辆燃油费（汽油）,高治国银行卡1699,-550,G331青富阿一标四工区桥涵队-中石油阿勒泰销售公司,高治国,付五菱面包车加油和汽油桶加汽油200元,已入账,2022/5/24 21:52
2022/5/22,支出,日常运营,车辆燃油费（汽油）,高治国银行卡1699,-379,G331青富阿一标四工区桥涵队-中石油阿勒泰销售公司,高治国,付东风面包车车辆加油款,已入账,2022/5/24 21:51
2022/5/21,支出,日常运营,伙食费,高治国银行卡1699,-5000,G331青富阿一标四工区桥涵队-吕文斌,高治国,付吕文斌生活伙食费,已入账,2022/5/24 21:50
2022/5/21,支出,机械物料,修理费,高治国银行卡1699,-180,G331青富阿一标四工区桥涵队-,高治国,付南方测绘乌鲁木齐售后RTK基头修理费,已入账,2022/5/24 21:49
2022/5/21,支出,办公费用,招待费,高治国银行卡1699,-565.5,G331青富阿一标四工区桥涵队-,高治国,购烟三条,已入账,2022/5/24 21:48
2022/5/21,支出,日常运营,车辆燃油费（汽油）,高治国银行卡1699,-400,G331青富阿一标四工区桥涵队-中石油阿勒泰销售公司,高治国,付791加油款,已入账,2022/5/24 21:46
2022/5/20,支出,机械物料,二三项料,高治国银行卡1699,-3000,G331青富阿一标四工区桥涵队-,高治国,付K74+391改渠购水闸2道材料费（转款付给克孜尔别克）,已入账,2022/5/24 21:44
2022/5/20,支出,日常运营,伙食费,高治国银行卡1699,-167,G331青富阿一标四工区桥涵队-,高治国,付高治国、李周2人误餐餐费,已入账,2022/5/24 21:43
2022/5/20,支出,人工支出,劳保用品,高治国银行卡1699,-125,G331青富阿一标四工区桥涵队-,高治国,购两双劳保鞋，打印流动人员信息登记表,已入账,2022/5/24 21:42
2022/5/20,支出,办公费用,房租水电物管,高治国银行卡1699,-200,G331青富阿一标四工区桥涵队-,高治国,三相电购电款,已入账,2022/5/24 21:41
2022/5/20,支出,日常运营,燃气费,高治国银行卡1699,-115,G331青富阿一标四工区桥涵队-,高治国,购液化气一瓶,已入账,2022/5/24 21:41
2022/5/19,支出,日常运营,邮寄费,高治国银行卡1699,-20,G331青富阿一标四工区桥涵队-,高治国,付邮寄RTK基头到乌鲁木齐邮费,已入账,2022/5/24 21:40
2022/5/19,支出,日常运营,车辆燃油费（汽油）,高治国银行卡1699,-300,G331青富阿一标四工区桥涵队-中石油阿勒泰销售公司,高治国,791加油,已入账,2022/5/24 21:38
2022/5/17,支出,机械物料,周转材料,高治国银行卡1699,-35000,G331青富阿一标四工区桥涵队-富蕴宗阳光建筑设备租赁站,高治国,付租赁刚模版、架管等周转材料租赁押金,已入账,2022/5/20 1:23
2022/5/17,支出,机械物料,周转材料,高治国银行卡1699,-4460,G331青富阿一标四工区桥涵队-富蕴宗阳光建筑设备租赁站,高治国,付木模板50张，方木300根,已入账,2022/5/20 1:22
2022/5/17,支出,机械物料,二三项料,高治国银行卡1699,-140,G331青富阿一标四工区桥涵队-,高治国,购水泥5袋、电动扳手转换接头1个,已入账,2022/5/20 1:20
2022/5/17,支出,日常运营,生活用品,高治国银行卡1699,-200,G331青富阿一标四工区桥涵队-,高治国,购瓶装水、饮料等款,已入账,2022/5/20 1:20
2022/5/17,支出,机械物料,修理费,高治国银行卡1699,-405,G331青富阿一标四工区桥涵队-,高治国,付随车吊更换启动开关修理费,已入账,2022/5/20 1:19
2022/5/17,支出,机械物料,运费,高治国银行卡1699,-800,G331青富阿一标四工区桥涵队-,高治国,付4.8米货车富蕴-青河运费,已入账,2022/5/20 1:17
2022/5/17,支出,机械物料,运费,高治国银行卡1699,-1300,G331青富阿一标四工区桥涵队-,高治国,付6.8米货车富蕴-青河运费,已入账,2022/5/20 1:17
2022/5/17,支出,机械物料,工机具,高治国银行卡1699,-4640,G331青富阿一标四工区桥涵队-富蕴宗阳光建筑设备租赁站,高治国,购平板振动器、蹦蹦夯、振捣棒一套、磨光机一台、拉杆丝、丝帽等款,已入账,2022/5/20 1:16
2022/5/17,支出,日常运营,车辆燃油费（汽油）,高治国银行卡1699,-298,G331青富阿一标四工区桥涵队-,高治国,付791加油款,已入账,2022/5/20 1:14
2022/5/16,支出,办公费用,差旅费,高治国银行卡1699,-285,G331青富阿一标四工区桥涵队-,高治国,付高治国富蕴住宿、餐费等,已入账,2022/5/20 1:12
2022/5/15,支出,办公费用,招待费,高治国银行卡1699,-169,G331青富阿一标四工区桥涵队-,高治国,付餐费2人,已入账,2022/5/20 1:11
2022/5/15,支出,日常运营,车辆燃油费（汽油）,高治国银行卡1699,-400,G331青富阿一标四工区桥涵队-中石油阿勒泰销售公司,高治国,付791加油款,已入账,2022/5/20 1:10
2022/5/15,支出,机械物料,机械租赁,高治国银行卡1699,-1300,G331青富阿一标四工区桥涵队-,高治国,付租赁随车吊倒运钢波纹管11道,已入账,2022/5/20 1:09
2022/5/15,支出,办公费用,房租水电物管,高治国银行卡1699,-200,G331青富阿一标四工区桥涵队-国家电网,高治国,付二相住房电费,已入账,2022/5/20 1:08
2022/5/14,支出,机械物料,修理费,高治国银行卡1699,-300,G331青富阿一标四工区桥涵队-,高治国,付修理振捣棒电机修理费,已入账,2022/5/20 1:05
2022/5/14,支出,日常运营,伙食费,高治国银行卡1699,-60,G331青富阿一标四工区桥涵队-,高治国,付高治国、李周中午午餐餐费,已入账,2022/5/20 1:03
2022/5/14,支出,日常运营,生活用品,高治国银行卡1699,-167.4,G331青富阿一标四工区桥涵队-,高治国,购感冒药、红花油、跌打药、口罩等款,已入账,2022/5/20 1:03
2022/5/13,支出,机械物料,运费,高治国银行卡1699,-1200,G331青富阿一标四工区桥涵队-,高治国,口岸装运倒角钢模、彩钢瓦等材料运费,已入账,2022/5/20 1:02
2022/5/13,支出,日常运营,伙食费,高治国银行卡1699,-155,G331青富阿一标四工区桥涵队-,高治国,去口岸装卸材料误餐餐费5人,已入账,2022/5/20 1:01
2022/5/12,支出,办公费用,招待费,高治国银行卡1699,-500,G331青富阿一标四工区桥涵队-,高治国,购烟2条,已入账,2022/5/20 1:00
2022/5/12,支出,日常运营,伙食费,高治国银行卡1699,-187,G331青富阿一标四工区桥涵队-,高治国,购凉菜、卤肉等款,已入账,2022/5/20 0:59
2022/5/12,支出,日常运营,伙食费,高治国银行卡1699,-248,G331青富阿一标四工区桥涵队-,高治国,购零食、烟酒等款,已入账,2022/5/20 0:58
2022/5/12,支出,日常运营,伙食费,高治国银行卡1699,-180,G331青富阿一标四工区桥涵队-,高治国,购食品等款,已入账,2022/5/20 0:57
2022/5/12,支出,机械物料,二三项料,高治国银行卡1699,-2000,G331青富阿一标四工区桥涵队-青河众信五金超市,高治国,预付众信五金店工机具、二三项料款,已入账,2022/5/20 0:37
2022/5/12,支出,机械物料,工机具,高治国银行卡1699,-399,G331青富阿一标四工区桥涵队-,高治国,购电动手锯、三相电线20米，等木工手锤等工具,已入账,2022/5/20 0:36
2022/5/12,支出,日常运营,燃气费,高治国银行卡1699,-115,G331青富阿一标四工区桥涵队-,高治国,购液化气一瓶,已入账,2022/5/20 0:31
2022/5/11,支出,日常运营,生活用品,高治国银行卡1699,-488,G331青富阿一标四工区桥涵队-,高治国,购招待酒水、烟款,已入账,2022/5/12 8:36
2022/5/10,支出,日常运营,伙食费,高治国银行卡1699,-598,G331青富阿一标四工区桥涵队-,高治国,购肉、蛋、菜、调料一批,已入账,2022/5/12 8:35
2022/5/10,支出,机械物料,修理费,高治国银行卡1699,-1170,G331青富阿一标四工区桥涵队-青河汇众汽修厂,高治国,付皮卡车修理启动马达、电机，车门钣金,已入账,2022/5/12 8:34
2022/5/9,支出,日常运营,车辆燃油费（汽油）,高治国银行卡1699,-215,G331青富阿一标四工区桥涵队-中石油阿勒泰销售公司,高治国,购桶装汽油25升,已入账,2022/5/12 8:32
2022/5/8,支出,日常运营,伙食费,高治国银行卡1699,-30,G331青富阿一标四工区桥涵队-,高治国,付1人餐费,已入账,2022/5/9 11:53
2022/5/8,支出,日常运营,伙食费,高治国银行卡1699,-720,G331青富阿一标四工区桥涵队-,高治国,购食品等款,已入账,2022/5/9 11:53
2022/5/7,支出,机械物料,机械租赁,高治国银行卡1699,-3000,G331青富阿一标四工区桥涵队-,高治国,租赁吊车使用费（浇筑682270号承台，用时15小时）,已入账,2022/5/9 11:52
2022/5/6,支出,办公费用,招待费,高治国银行卡1699,-470,G331青富阿一标四工区桥涵队-,高治国,招待监理马琼、项目王工等4人,已入账,2022/5/9 11:51
2022/5/6,支出,办公费用,办公用品,高治国银行卡1699,-100,G331青富阿一标四工区桥涵队-,高治国,打印劳动合同50份,已入账,2022/5/9 11:50
2022/5/6,支出,办公费用,办公用品,高治国银行卡1699,-230,G331青富阿一标四工区桥涵队-,高治国,购文件盒、纸、订书机等办公用品,已入账,2022/5/9 11:48
2022/5/5,支出,日常运营,伙食费,高治国银行卡1699,-67,G331青富阿一标四工区桥涵队-,高治国,购食品款,已入账,2022/5/9 11:49
2022/5/5,支出,办公费用,招待费,高治国银行卡1699,-1000,G331青富阿一标四工区桥涵队-,高治国,购礼品送苍巴高速李瑶,已入账,2022/5/9 11:47
2022/5/4,支出,日常运营,伙食费,高治国银行卡1699,-35,G331青富阿一标四工区桥涵队-,高治国,购食品款,已入账,2022/5/9 11:46
2022/5/4,支出,机械物料,修理费,高治国银行卡1699,-600,G331青富阿一标四工区桥涵队-,高治国,修理50KV发电机、电镐2台,已入账,2022/5/9 11:46
2022/5/4,支出,日常运营,燃气费,高治国银行卡1699,-115,G331青富阿一标四工区桥涵队-,高治国,购液化气一瓶,已入账,2022/5/9 11:44
2022/5/2,支出,机械物料,二三项料,高治国银行卡1699,-346,G331青富阿一标四工区桥涵队-,高治国,付滚刷、钻头、水泥4袋、白水泥1袋等款,已入账,2022/5/3 17:56
2022/5/2,支出,机械物料,二三项料,高治国银行卡1699,-1000,G331青富阿一标四工区桥涵队-青河众信五金超市,高治国,预付众信五金二三项材料款,已入账,2022/5/3 17:54
2022/5/2,支出,机械物料,修理费,高治国银行卡1699,-76,G331青富阿一标四工区桥涵队-,高治国,洗车等费用,已入账,2022/5/3 17:53
2022/5/1,支出,机械物料,二三项料,高治国银行卡1699,-180,G331青富阿一标四工区桥涵队-,高治国,购模板油一桶,已入账,2022/5/3 17:52
2022/5/1,支出,日常运营,伙食费,高治国银行卡1699,-78,G331青富阿一标四工区桥涵队-,高治国,付购食材等款,已入账,2022/5/3 17:51
2022/4/30,支出,人工支出,工人借支,高治国银行卡1699,-10000,G331青富阿一标四工区桥涵队-吕文斌,高治国,付吕文斌工人借支款,已入账,2022/5/3 17:49
2022/4/30,支出,机械物料,机械租赁,高治国银行卡1699,-500,G331青富阿一标四工区桥涵队-,高治国,卸钢筋32吨，使用吊车1次,已入账,2022/5/3 17:49
2022/4/29,支出,日常运营,生活用品,高治国银行卡1699,-178,G331青富阿一标四工区桥涵队-,高治国,感冒药、咳嗽药等,已入账,2022/5/3 17:48
2022/4/29,支出,日常运营,车辆燃油费（汽油）,高治国银行卡1699,-288.5,G331青富阿一标四工区桥涵队-中石油阿勒泰销售公司,高治国,791加汽油,已入账,2022/5/3 17:47
2022/4/28,支出,日常运营,生活用品,高治国银行卡1699,-300,G331青富阿一标四工区桥涵队-,高治国,购水管4米，烟一条,已入账,2022/5/3 17:41
2022/4/28,支出,机械物料,工机具,高治国银行卡1699,-530,G331青富阿一标四工区桥涵队-,高治国,16#4米钢丝绳2副,已入账,2022/5/3 17:37
2022/4/28,支出,机械物料,修理费,高治国银行卡1699,-1250,G331青富阿一标四工区桥涵队-青河独立营汽修厂,高治国,付随车吊换刹车泵、盘，换钢丝绳等款,已入账,2022/4/28 21:03
2022/4/28,支出,日常运营,伙食费,高治国银行卡1699,-300,G331青富阿一标四工区桥涵队-,高治国,购纯净水、方便面、啤酒等款,已入账,2022/4/28 21:02
2022/4/28,支出,机械物料,二三项料,高治国银行卡1699,-588,G331青富阿一标四工区桥涵队-,高治国,购PVC穿线管5捆,已入账,2022/4/28 21:01
2022/4/27,支出,日常运营,燃气费,高治国银行卡1699,-115,G331青富阿一标四工区桥涵队-,高治国,购液化气一瓶,已入账,2022/4/28 20:49
2022/4/27,支出,办公费用,房租水电物管,高治国银行卡1699,-200,G331青富阿一标四工区桥涵队-,高治国,付驻地二相电电表电费,已入账,2022/4/28 20:48
2022/4/27,支出,办公费用,房租水电物管,高治国银行卡1699,-200,G331青富阿一标四工区桥涵队-,高治国,付三相电使用费,已入账,2022/4/28 20:48
2022/4/26,支出,日常运营,伙食费,高治国银行卡1699,-112,G331青富阿一标四工区桥涵队-,高治国,付高治国到口岸餐费,已入账,2022/4/28 20:47
2022/4/25,支出,办公费用,招待费,高治国银行卡1699,-598,G331青富阿一标四工区桥涵队-,高治国,付招待3人房费,已入账,2022/4/28 20:46
2022/4/25,支出,办公费用,招待费,高治国银行卡1699,-1100,G331青富阿一标四工区桥涵队-,高治国,招待工区3人餐费，酒水，KTV款,已入账,2022/4/28 20:45
2022/4/24,支出,日常运营,伙食费,高治国银行卡1699,-480,G331青富阿一标四工区桥涵队-,高治国,付房东别克等5人餐费,已入账,2022/4/28 20:42
2022/4/24,支出,机械物料,修理费,高治国银行卡1699,-3200,G331青富阿一标四工区桥涵队-青河汇众汽修厂,高治国,791换水箱，随车吊换气泵管，机油，机滤，柴滤，空滤等修理费和材料费,已入账,2022/4/28 20:37
2022/4/22,支出,办公费用,交通费,高治国银行卡1699,-3016,G331青富阿一标四工区桥涵队-,高治国,付张伍权、刘栓、刘书祥、郭新建4人开车（陕A791CM）自商洛-青河油费、过路费、住宿费、餐费和120元冷却液费用,已入账,2022/4/24 8:24
2022/4/22,支出,人工支出,零星用工,高治国银行卡1699,-600,G331青富阿一标四工区桥涵队-,高治国,付帮厨哈桑4月16日-21日6天，100元/天，临工工资。,已入账,2022/4/23 15:46
2022/4/21,支出,办公费用,交通费,高治国银行卡1699,-1760,G331青富阿一标四工区桥涵队-,高治国,付屈丹、孙向平2人自西安-乌市飞机票2张,已入账,2022/4/24 8:20
2022/4/21,支出,日常运营,车辆维修租赁,高治国银行卡1699,-410,G331青富阿一标四工区桥涵队-,高治国,购柴机油一桶，接电夹子一套,已入账,2022/4/23 15:44
2022/4/21,支出,日常运营,伙食费,高治国银行卡1699,-185,G331青富阿一标四工区桥涵队-,高治国,购凉菜3个，散酒一壶,已入账,2022/4/23 15:43
2022/4/19,支出,日常运营,生活用品,高治国银行卡1699,-238,G331青富阿一标四工区桥涵队-,高治国,工人米金福钢筋打击受伤医院拍片和购药品等款,已入账,2022/4/20 9:06
2022/4/19,支出,日常运营,车辆燃油费（汽油）,高治国银行卡1699,-650.7,G331青富阿一标四工区桥涵队-中石油阿勒泰销售公司,高治国,五菱车和皮卡车加油款,已入账,2022/4/20 9:05
2022/4/18,支出,办公费用,交通费,高治国银行卡1699,-2429,G331青富阿一标四工区桥涵队-,高治国,付贺志兴、李栋斌、余武虎等4人进场路费,已入账,2022/4/20 9:02
2022/4/18,支出,办公费用,房租水电物管,高治国银行卡1699,-200,G331青富阿一标四工区桥涵队-,高治国,付三相电电表电费,已入账,2022/4/20 9:00
2022/4/18,支出,机械物料,修理费,高治国银行卡1699,-9500,G331青富阿一标四工区桥涵队-青河汇众汽修厂,高治国,付汇众汽修厂皮卡车和面包车修理费,已入账,2022/4/20 8:59
2022/4/18,支出,机械物料,工机具,高治国银行卡1699,-1000,G331青富阿一标四工区桥涵队-青河众信五金超市,高治国,预付众信五金五金机具款（购汽油机抽水泵一台）,已入账,2022/4/20 8:58
2022/4/18,支出,日常运营,燃气费,高治国银行卡1699,-115,G331青富阿一标四工区桥涵队-,高治国,购液化气一瓶,已入账,2022/4/20 8:57
2022/4/18,支出,日常运营,伙食费,高治国银行卡1699,-22,G331青富阿一标四工区桥涵队-,高治国,购厨房调料款,已入账,2022/4/20 8:56
2022/4/17,支出,办公费用,办公用品,高治国银行卡1699,-113.8,G331青富阿一标四工区桥涵队-,高治国,购纸、本子、笔，插座等办公用品一批,已入账,2022/4/19 0:01
2022/4/17,支出,日常运营,生活用品,高治国银行卡1699,-129.8,G331青富阿一标四工区桥涵队-,高治国,购药品一批（牛黄解毒片等）,已入账,2022/4/19 0:00
2022/4/16,支出,办公费用,交通费,高治国银行卡1699,-610,G331青富阿一标四工区桥涵队-,高治国,付工人贺志兴自西安-乌市机票一张,已入账,2022/4/18 23:58
2022/4/15,支出,日常运营,伙食费,高治国银行卡1699,-274,G331青富阿一标四工区桥涵队-,高治国,购凉菜3个，酒水4瓶,已入账,2022/4/18 23:57
2022/4/15,支出,机械物料,二三项料,高治国银行卡1699,-105,G331青富阿一标四工区桥涵队-,高治国,购腻子粉2袋，水泥2包,已入账,2022/4/18 23:56
2022/4/14,支出,机械物料,修理费,高治国银行卡1699,-160,G331青富阿一标四工区桥涵队-,高治国,购发电机机油一桶,已入账,2022/4/18 23:54
2022/4/14,支出,日常运营,燃气费,高治国银行卡1699,-115,G331青富阿一标四工区桥涵队-,高治国,购液化气一瓶,已入账,2022/4/18 23:53
2022/4/14,支出,人工支出,劳保用品,高治国银行卡1699,-134,G331青富阿一标四工区桥涵队-,高治国,购防尘口罩、防尘服等劳保用品款,已入账,2022/4/18 23:53
2022/4/13,支出,日常运营,伙食费,高治国银行卡1699,-100,G331青富阿一标四工区桥涵队-,高治国,购凉菜、青菜、豆腐等,已入账,2022/4/14 12:34
2022/4/13,支出,办公费用,办公用品,高治国银行卡1699,-700,G331青富阿一标四工区桥涵队-,高治国,购办公桌一张，折叠床一张,已入账,2022/4/14 12:33
2022/4/10,支出,日常运营,生活用品,高治国银行卡1699,-487,G331青富阿一标四工区桥涵队-,高治国,付购生活用品等款,已入账,2022/4/14 12:31
2022/4/8,支出,机械物料,二三项料,高治国银行卡1699,-15,G331青富阿一标四工区桥涵队-,高治国,4.5寸抽水泵闸阀一个,已入账,2022/4/9 22:08
2022/4/8,支出,机械物料,机械租赁,高治国银行卡1699,-1200,G331青富阿一标四工区桥涵队-,高治国,平板车新B60128托运挖机一趟,已入账,2022/4/9 22:07
2022/4/8,支出,办公费用,办公用品,高治国银行卡1699,-330,G331青富阿一标四工区桥涵队-,高治国,打印图纸2份,已入账,2022/4/9 22:04
2022/4/7,支出,办公费用,招待费,银行卡1699,-268,G331青富阿一标四工区桥涵队-,高治国,付工区4人招待餐饮费,已入账,2022/4/8 12:07
2022/4/7,支出,日常运营,车辆维修租赁,银行卡1699,-700,G331青富阿一标四工区桥涵队-,高治国,付轻卡车2022年度管理费,已入账,2022/4/8 12:07
2022/4/6,支出,机械物料,二三项料,高治国银行卡1699,-385,G331青富阿一标四工区桥涵队-青河昌达五金机电商店,高治国,20#PE水管110米,已入账,2022/4/9 22:09
2022/4/6,支出,办公费用,招待费,银行卡1699,-740,G331青富阿一标四工区桥涵队-,高治国,招待工区3人共4人餐饮招待费,已入账,2022/4/8 12:05
2022/4/6,支出,日常运营,车辆维修租赁,银行卡1699,-3784,G331青富阿一标四工区桥涵队-,高治国,付轻卡车2022年度保险费,已入账,2022/4/8 12:05
2022/4/6,支出,机械物料,工机具,银行卡1699,-2200,G331青富阿一标四工区桥涵队-青河昌达五金机电商店,高治国,付购抽水泵、水桶、水管等款,已入账,2022/4/8 12:04
2022/4/6,支出,日常运营,伙食费,银行卡1699,-142,G331青富阿一标四工区桥涵队-,高治国,付5人餐饮费,已入账,2022/4/8 12:03
2022/4/6,支出,日常运营,车辆维修租赁,银行卡1699,-2357,G331青富阿一标四工区桥涵队-,高治国,付随车吊年管理费,已入账,2022/4/8 12:02
2022/4/6,支出,日常运营,生活用品,银行卡1699,-117.5,G331青富阿一标四工区桥涵队-,高治国,购生活用品等款,已入账,2022/4/8 11:52
2022/4/6,支出,办公费用,通信费,银行卡1699,-300,G331青富阿一标四工区桥涵队-,高治国,付工地网络通信及电脑维修鼠标款,已入账,2022/4/8 11:50
2022/4/6,支出,机械物料,修理费,银行卡1699,-5000,G331青富阿一标四工区桥涵队-青河汇众汽修厂,高治国,付汇众汽修厂面包车修理费,已入账,2022/4/8 11:46
2022/4/5,支出,日常运营,车辆燃油费（汽油）,油卡2张123000,-10000,G331青富阿一标四工区桥涵队-中石油阿勒泰销售公司,高治国,自2021年9月13日-2022年4月5日发生油卡加邮费1万元,已入账,2022/4/8 15:43
2022/4/5,支出,办公费用,交通费,银行卡1699,-864,G331青富阿一标四工区桥涵队-,高治国,付高治国等5人自西安-青河加油款,已入账,2022/4/8 11:44
2022/4/4,支出,办公费用,差旅费,银行卡1699,-405,G331青富阿一标四工区桥涵队-,高治国,付高治国等5人自西安-青河开车路上餐饮等费用,已入账,2022/4/8 11:42
2022/4/3,支出,办公费用,差旅费,银行卡1699,-493,G331青富阿一标四工区桥涵队-,高治国,付工人西安住宿和餐饮等费用,已入账,2022/4/8 11:41
2022/4/2,支出,办公费用,通信费,高治国银行卡1699,-322,G331青富阿一标四工区桥涵队-,高治国,付高治国电话费等支出,已入账,2022/4/8 11:39
2021/12/25,支出,机械物料,修理费,银行卡1699,-2000,G331青富阿一标四工区桥涵队-青河汇众汽修厂,高治国,付汇众汽修厂皮卡、面包车修理费,已入账,2022/4/8 11:48
2021/11/30,支出,办公费用,交通费,高治国银行卡1699,-460,G331青富阿一标四工区桥涵队-,高治国,付高治国自乌市回青河路费等,已入账,2022/4/14 22:35
2021/11/30,支出,办公费用,差旅费,高治国银行卡1699,-496,G331青富阿一标四工区桥涵队-,高治国,付高治国乌市住宿、餐饮等款,已入账,2022/4/14 22:34
2021/11/30,支出,办公费用,交通费,高治国银行卡1699,-230,G331青富阿一标四工区桥涵队-,高治国,付高治国去乌市过路费等,已入账,2022/4/14 22:33
2021/11/30,支出,日常运营,燃气费,高治国银行卡1699,-377.6,G331青富阿一标四工区桥涵队-,高治国,车辆加油款,已入账,2022/4/14 22:32
2021/11/30,支出,办公费用,房租水电物管,高治国银行卡1699,-200,G331青富阿一标四工区桥涵队-,高治国,付国家电网电费,已入账,2022/4/14 22:31
2021/11/30,支出,日常运营,伙食费,高治国银行卡1699,-380,G331青富阿一标四工区桥涵队-,高治国,付高治国就餐费,已入账,2022/4/14 22:31
2021/11/21,支出,办公费用,招待费,高治国银行卡1699,-770,G331青富阿一标四工区桥涵队-,高治国,付招待工区5人餐饮酒水款,已入账,2022/4/14 22:29
2021/11/20,支出,办公费用,差旅费,高治国银行卡1699,-1150,G331青富阿一标四工区桥涵队-,高治国,付高治国住宿费,已入账,2022/4/14 22:29
2021/11/20,支出,日常运营,伙食费,高治国银行卡1699,-975,G331青富阿一标四工区桥涵队-,高治国,高治国就餐、超市采买，烟酒等款（2021.11.10-20）,已入账,2022/4/14 22:27
2021/11/11,支出,办公费用,招待费,高治国银行卡1699,-460,G331青富阿一标四工区桥涵队-,高治国,付招待工区餐费,已入账,2022/4/14 22:25
2021/11/10,支出,办公费用,房租水电物管,高治国银行卡1699,-190,G331青富阿一标四工区桥涵队-,高治国,付国家电网电费190元,已入账,2022/4/14 22:24
2021/11/10,支出,机械物料,工机具,高治国银行卡1699,-358,G331青富阿一标四工区桥涵队-,高治国,付小太阳取暖器2个款,已入账,2022/4/14 22:23
2021/11/10,支出,机械物料,机械租赁,高治国银行卡1699,-2050,G331青富阿一标四工区桥涵队-,高治国,付浇筑箱涵使用泵车费用,已入账,2022/4/14 22:22
2021/11/10,支出,日常运营,伙食费,高治国银行卡1699,-585,G331青富阿一标四工区桥涵队-,高治国,11月1日-10日高治国就餐费用,已入账,2022/4/14 22:21
2021/11/10,支出,办公费用,差旅费,高治国银行卡1699,-1120,G331青富阿一标四工区桥涵队-,高治国,11月1日-10日期间住宿4次,已入账,2022/4/14 22:19
2021/10/31,支出,办公费用,房租水电物管,高治国银行卡1699,-200,G331青富阿一标四工区桥涵队-,高治国,交房屋电费,已入账,2022/4/14 22:18
2021/10/31,支出,日常运营,燃气费,高治国银行卡1699,-115,G331青富阿一标四工区桥涵队-,高治国,购液化气一瓶,已入账,2022/4/14 22:17
2021/10/31,支出,日常运营,伙食费,高治国银行卡1699,-435,G331青富阿一标四工区桥涵队-,高治国,购食品等款,已入账,2022/4/14 22:16
2021/10/23,支出,日常运营,伙食费,银行卡1699,-166,G331青富阿一标四工区桥涵队-马旭光面店,高治国,付面条、馒头、豆腐等款,已入账,2021/10/23 9:33
2021/10/23,支出,办公费用,通信费,高治国银行卡1699,-200,G331青富阿一标四工区桥涵队-,高治国,预交宽带费,已入账,2022/4/14 22:14
2021/10/23,支出,日常运营,伙食费,高治国银行卡1699,-1012,G331青富阿一标四工区桥涵队-,高治国,高治国购生活用品及餐费等支出10月21日-27日,已入账,2022/4/14 22:14
2021/10/22,支出,办公费用,交通费,高治国银行卡1699,-595,G331青富阿一标四工区桥涵队-,高治国,车辆加油及住宿费,已入账,2022/4/14 22:12
2021/10/22,支出,办公费用,房租水电物管,高治国银行卡1699,-100,G331青富阿一标四工区桥涵队-,高治国,驻地生活用电费,已入账,2022/12/1 11:29
2021/10/21,支出,机械物料,二三项料,高治国银行卡1699,-140,G331青富阿一标四工区桥涵队-青河众信五金超市,高治国,付众信五金材料款（塑料布等）,已入账,2022/4/14 22:09
2021/10/21,支出,日常运营,生活用品,高治国银行卡1699,-760,G331青富阿一标四工区桥涵队-,高治国,购生活用品等款（取暖器、小电饭锅等）,已入账,2022/4/14 22:08
2021/10/20,支出,办公费用,差旅费,高治国银行卡1699,-387,G331青富阿一标四工区桥涵队-,高治国,高治国住宿费,已入账,2022/4/14 22:07
2021/10/20,支出,日常运营,伙食费,高治国银行卡1699,-430,G331青富阿一标四工区桥涵队-,高治国,自10月13日-20日高治国伙食费,已入账,2022/4/14 22:05
2021/10/14,支出,日常运营,伙食费,高治国银行卡1699,-184,G331青富阿一标四工区桥涵队-,高治国,购蔬菜等,已入账,2022/4/14 22:03
2021/10/14,支出,日常运营,伙食费,高治国银行卡1699,-56,G331青富阿一标四工区桥涵队-,高治国,餐费,已入账,2022/4/14 22:02
2021/10/14,支出,办公费用,差旅费,高治国银行卡1699,-560,G331青富阿一标四工区桥涵队-,高治国,招待住宿费3人,已入账,2022/4/14 22:01
2021/10/13,支出,办公费用,招待费,高治国银行卡1699,-1037,G331青富阿一标四工区桥涵队-,高治国,招待工区、项目部人员酒水、餐费,已入账,2022/4/14 21:59
2021/10/13,支出,办公费用,通信费,高治国银行卡1699,-200,G331青富阿一标四工区桥涵队-,高治国,高治国手机话费,已入账,2022/4/14 21:58
2021/10/13,支出,日常运营,伙食费,高治国银行卡1699,-54.5,G331青富阿一标四工区桥涵队-,高治国,餐费,已入账,2022/4/14 21:57
2021/10/12,支出,办公费用,招待费,银行卡1699,-650,G331青富阿一标四工区桥涵队-,高治国,招待工区包国峰、王新贵、老杨、朱新明等人,已入账,2021/10/23 12:09
2021/10/12,支出,办公费用,招待费,银行卡1699,-650,G331青富阿一标四工区桥涵队-,高治国,招待工区包国峰、王新贵、老杨、朱新明等人,已入账,2021/10/23 12:09
2021/10/12,支出,日常运营,车辆维修租赁,银行卡1699,-126,G331青富阿一标四工区桥涵队-,高治国,付小货车洗车、清洗等款,已入账,2021/10/23 12:05
2021/10/11,支出,人工支出,工人借支,银行卡1699,-1000,G331青富阿一标四工区桥涵队-,高治国,付王建借支1000元,已入账,2021/10/23 12:04
2021/10/11,支出,人工支出,工人借支,银行卡1699,-1000,G331青富阿一标四工区桥涵队-,高治国,付赵可借支1000元,已入账,2021/10/23 12:03
2021/10/11,支出,日常运营,生活用品,银行卡1699,-500,G331青富阿一标四工区桥涵队-,高治国,付王报购办公用品、餐费、招待餐费款,已入账,2021/10/23 12:03
2021/10/11,支出,办公费用,交通费,银行卡1699,-6000,G331青富阿一标四工区桥涵队-,高治国,付王建等7人驾车回西安路费（后与王建对报账）,已入账,2021/10/23 12:02
2021/10/11,支出,日常运营,伙食费,银行卡1699,-165,G331青富阿一标四工区桥涵队-青河湘富食品粮油蔬菜店,高治国,购蔬菜一批,已入账,2021/10/23 12:01
2021/10/11,支出,日常运营,伙食费,银行卡1699,-114,G331青富阿一标四工区桥涵队-马旭光面店,高治国,付面条、馒头、豆腐等款,已入账,2021/10/23 11:59
2021/10/10,支出,日常运营,伙食费,银行卡1699,-649,G331青富阿一标四工区桥涵队-青河惠华时代购物超市,高治国,会餐买凉菜、卤肉等一批,已入账,2021/10/23 11:57
2021/10/10,支出,日常运营,伙食费,银行卡1699,-89,G331青富阿一标四工区桥涵队-青河湘富食品粮油蔬菜店,高治国,付蔬菜一批,已入账,2021/10/23 11:51
2021/10/9,支出,机械物料,机械租赁,银行卡1699,-7000,G331青富阿一标四工区桥涵队-清河荣盛机械租赁公司,高治国,租赁卡特320挖机使用2.5天，柴油2200元,已入账,2021/10/23 11:49
2021/10/8,支出,日常运营,伙食费,银行卡1699,-155,G331青富阿一标四工区桥涵队-青河湘富食品粮油蔬菜店,高治国,购蔬菜一批,已入账,2021/10/23 11:47
2021/10/8,支出,日常运营,车辆维修租赁,银行卡1699,-48,G331青富阿一标四工区桥涵队-,高治国,五菱宏光洗车费,已入账,2021/10/23 11:47
2021/10/8,支出,人工支出,工人借支,银行卡1699,-8000,G331青富阿一标四工区桥涵队-,高治国,付任灶民、任再民、李建民、赵小军借支退场回家路费，每人2000元,已入账,2021/10/23 11:46
2021/10/7,支出,日常运营,伙食费,银行卡1699,-139,G331青富阿一标四工区桥涵队-青河湘富食品粮油蔬菜店,高治国,购火锅料等调料一批,已入账,2021/10/23 11:45
2021/10/7,支出,日常运营,伙食费,银行卡1699,-181.8,G331青富阿一标四工区桥涵队-青河湘富食品粮油蔬菜店,高治国,购山药、卷心菜等蔬菜一批,已入账,2021/10/23 11:44
2021/10/7,支出,日常运营,伙食费,银行卡1699,-80,G331青富阿一标四工区桥涵队-,高治国,付面条、馒头款,已入账,2021/10/23 11:43
2021/10/7,支出,人工支出,工人借支,银行卡1699,-1000,G331青富阿一标四工区桥涵队-,高治国,付王文钰借支退场路费1000元,已入账,2021/10/23 11:43
2021/10/7,支出,人工支出,工人借支,银行卡1699,-1000,G331青富阿一标四工区桥涵队-,高治国,付杨玉喜、杨江伟退场借支回家路费，每人500元,已入账,2021/10/23 11:42
2021/10/7,支出,办公费用,交通费,银行卡1699,-240,G331青富阿一标四工区桥涵队-,高治国,付杨江伟报库车-乌市路费,已入账,2021/10/23 11:41
2021/10/7,支出,人工支出,工人借支,银行卡1699,-1000,G331青富阿一标四工区桥涵队-,,付赵可借支1000元,已入账,2021/10/22 22:20
2021/10/6,支出,日常运营,伙食费,银行卡1699,-193,G331青富阿一标四工区桥涵队-青河湘富食品粮油蔬菜店,高治国,购红薯、豆腐、白菜、大葱等蔬菜款,已入账,2021/10/23 11:39
2021/10/5,支出,机械物料,修理费,银行卡1699,-500,G331青富阿一标四工区桥涵队-青河广达机电维修商行,高治国,付蹦蹦夯修理费,已入账,2021/10/23 11:38
2021/10/5,支出,日常运营,伙食费,银行卡1699,-157,G331青富阿一标四工区桥涵队-青河湘富食品粮油蔬菜店,高治国,付蔬菜一批,已入账,2021/10/23 11:36
2021/10/5,支出,日常运营,伙食费,银行卡1699,-52,G331青富阿一标四工区桥涵队-马旭光面店,高治国,付面条款,已入账,2021/10/23 11:35
2021/10/4,支出,办公费用,招待费,银行卡1699,-591,G331青富阿一标四工区桥涵队-,高治国,购烟2条，酒水等款,已入账,2021/10/23 11:34
2021/10/4,支出,办公费用,通信费,银行卡1699,-200,G331青富阿一标四工区桥涵队-中国移动,高治国,付高治国手机话费,已入账,2021/10/23 11:33
2021/10/4,支出,日常运营,伙食费,银行卡1699,-211,G331青富阿一标四工区桥涵队-青河湘富食品粮油蔬菜店,高治国,购蔬菜一批,已入账,2021/10/23 11:32
2021/10/4,支出,日常运营,伙食费,银行卡1699,-228,G331青富阿一标四工区桥涵队-青河友友大肉店,高治国,购猪肉款,已入账,2021/10/23 11:31
2021/10/4,支出,日常运营,伙食费,银行卡1699,-135,G331青富阿一标四工区桥涵队-马旭光面店,高治国,付面条、馒头、豆腐款,已入账,2021/10/23 11:30
2021/10/4,支出,日常运营,燃气费,银行卡1699,-115,G331青富阿一标四工区桥涵队-青河液化气站,高治国,换液化气瓶1瓶,已入账,2021/10/23 11:29
2021/10/3,支出,日常运营,邮寄费,银行卡1699,-164,G331青富阿一标四工区桥涵队-,高治国,顺丰快递邮寄费,已入账,2021/10/23 11:25
2021/10/3,支出,机械物料,工机具,银行卡1699,-200,G331青富阿一标四工区桥涵队-青河众信五金超市,高治国,购曲线锯1把,已入账,2021/10/23 11:24
2021/10/3,支出,日常运营,伙食费,银行卡1699,-84,G331青富阿一标四工区桥涵队-马旭光面店,高治国,付面条、馒头款,已入账,2021/10/23 11:24
2021/10/2,支出,人工支出,工人借支,银行卡1699,-1500,G331青富阿一标四工区桥涵队-,高治国,付汤旭东借支1500元,已入账,2021/10/23 11:23
2021/10/2,支出,办公费用,差旅费,银行卡1699,-10360,G331青富阿一标四工区桥涵队-,高治国,付曹明高报西安-乌市10人机票款8760元，乌市-青河大巴车1600元,已入账,2021/10/23 11:23
2021/10/2,支出,人工支出,工人借支,银行卡1699,-10000,G331青富阿一标四工区桥涵队-,高治国,付曹明高、张五权、简云珍、赵凤奎、何松德5人离场借支路费，每人各2000元,已入账,2021/10/23 11:21
2021/10/2,支出,办公费用,交通费,银行卡1699,-314,G331青富阿一标四工区桥涵队-,高治国,付曹明高报自乌市-青河过路费、燃油费,已入账,2021/10/23 11:20
2021/10/2,支出,机械物料,燃油费（柴油）,银行卡1699,-1140,G331青富阿一标四工区桥涵队-,高治国,购煤炭2吨取暖和箱涵养生,已入账,2021/10/23 11:18
2021/10/2,支出,机械物料,二三项料,银行卡1699,-455,G331青富阿一标四工区桥涵队-青河众信五金超市,高治国,付电镐头、刷子、墨斗、钉锤等材料机具一批,已入账,2021/10/23 11:08
2021/10/2,支出,日常运营,伙食费,银行卡1699,-147,G331青富阿一标四工区桥涵队-青河湘富食品粮油蔬菜店,高治国,付蔬菜一批款,已入账,2021/10/23 11:04
2021/10/2,支出,日常运营,伙食费,银行卡1699,-136,G331青富阿一标四工区桥涵队-马旭光面店,高治国,付面条、馒头、豆腐款,已入账,2021/10/23 11:04
2021/10/1,支出,办公费用,房租水电物管,银行卡1699,-200,G331青富阿一标四工区桥涵队-国家电网,高治国,付驻地房屋电费200元,已入账,2021/10/23 11:03
2021/10/1,支出,日常运营,生活用品,银行卡1699,-180,G331青富阿一标四工区桥涵队-青河众信五金超市,高治国,购小太阳2个,已入账,2021/10/23 11:02
2021/10/1,支出,日常运营,伙食费,银行卡1699,-286,G331青富阿一标四工区桥涵队-青河湘富食品粮油蔬菜店,高治国,付调料、花椒、干辣椒等食品一批,已入账,2021/10/23 10:57
2021/10/1,支出,日常运营,伙食费,银行卡1699,-166,G331青富阿一标四工区桥涵队-青河湘富食品粮油蔬菜店,高治国,购蔬菜一批,已入账,2021/10/23 10:48
2021/9/30,支出,日常运营,伙食费,银行卡1699,-116,G331青富阿一标四工区桥涵队-马旭光面店,高治国,付面条、馒头款,已入账,2021/10/23 10:55
2021/9/30,支出,日常运营,伙食费,银行卡1699,-521,G331青富阿一标四工区桥涵队-青河湘富食品粮油蔬菜店,高治国,购土豆、洋葱、卷心菜、大米等蔬菜一批,已入账,2021/10/23 10:54
2021/9/29,支出,日常运营,生活用品,银行卡1699,-685,G331青富阿一标四工区桥涵队-青河惠华时代购物超市,高治国,购褥子、床单被罩1床、烧水器1个、会餐用食品一批,已入账,2021/10/23 10:53
2021/9/29,支出,机械物料,二三项料,银行卡1699,-2470,G331青富阿一标四工区桥涵队-青河众信五金超市,高治国,付电镐、搞头、毛毡、磨片、502电焊条10件、柴油喷灯、SBS防水卷材2卷、锯片等机具材料一批,已入账,2021/10/23 10:51
2021/9/29,支出,日常运营,伙食费,银行卡1699,-94,G331青富阿一标四工区桥涵队-马旭光面店,高治国,购馒头、面条、豆腐,已入账,2021/10/23 10:49
2021/9/29,支出,日常运营,燃气费,银行卡1699,-230,G331青富阿一标四工区桥涵队-青河液化气站,高治国,换液化气罐2瓶,已入账,2021/10/23 10:48
2021/9/29,支出,机械物料,运费,银行卡1699,-100,G331青富阿一标四工区桥涵队-青河货场,高治国,付提取发电机货运费,已入账,2021/10/23 10:47
2021/9/28,支出,日常运营,伙食费,银行卡1699,-188,G331青富阿一标四工区桥涵队-青河湘富食品粮油蔬菜店,高治国,付蔬菜一批（韭菜、白菜等）,已入账,2021/10/23 10:46
2021/9/28,支出,日常运营,伙食费,银行卡1699,-248,G331青富阿一标四工区桥涵队-青河友友大肉店,高治国,购猪肉、排骨,已入账,2021/10/23 10:45
2021/9/27,支出,日常运营,伙食费,银行卡1699,-224,G331青富阿一标四工区桥涵队-,高治国,购桶装水、食品等款,已入账,2021/10/23 10:44
2021/9/27,支出,机械物料,修理费,银行卡1699,-255,G331青富阿一标四工区桥涵队-,高治国,付柴油发电机修理费,已入账,2021/10/23 10:42
2021/9/27,支出,日常运营,生活用品,银行卡1699,-120,G331青富阿一标四工区桥涵队-,高治国,5人洗澡费,已入账,2021/10/23 10:42
2021/9/27,支出,机械物料,二三项料,银行卡1699,-473,G331青富阿一标四工区桥涵队-青河众信五金超市,高治国,PVC穿线管、测线笔、帆布手套等,已入账,2021/10/23 10:41
2021/9/27,支出,日常运营,伙食费,银行卡1699,-154,G331青富阿一标四工区桥涵队-马旭光面店,高治国,购面条、馒头、鸡蛋等款,已入账,2021/10/23 10:40
2021/9/27,支出,日常运营,伙食费,银行卡1699,-115,G331青富阿一标四工区桥涵队-青河湘富食品粮油蔬菜店,高治国,购青菜、豆腐、豆皮等蔬菜一批,已入账,2021/10/23 10:39
2021/9/26,支出,机械物料,修理费,银行卡1699,-230,G331青富阿一标四工区桥涵队-青河广达机电维修商行,高治国,付汽油发电机修理费,已入账,2021/10/23 10:38
2021/9/26,支出,人工支出,工人借支,银行卡1699,-1000,G331青富阿一标四工区桥涵队-,高治国,付虞小军借支1000元,已入账,2021/10/23 10:37
2021/9/26,支出,日常运营,车辆燃油费（汽油）,银行卡1699,-170,G331青富阿一标四工区桥涵队-中石油阿勒泰销售公司,高治国,付小货车加油款（王）,已入账,2021/10/23 10:36
2021/9/26,支出,机械物料,周转材料,银行卡1699,-335,G331青富阿一标四工区桥涵队-青河众信五金超市,高治国,付十字扣件50个，滚刷、套筒扳手等款,已入账,2021/10/23 10:35
2021/9/26,支出,日常运营,伙食费,银行卡1699,-54,G331青富阿一标四工区桥涵队-,高治国,购蔬菜一批,已入账,2021/10/23 10:33
2021/9/26,支出,日常运营,伙食费,银行卡1699,-371,G331青富阿一标四工区桥涵队-青河湘富食品粮油蔬菜店,高治国,付菜籽油、酱油醋、大米等调料款,已入账,2021/10/23 10:33
2021/9/26,支出,日常运营,伙食费,银行卡1699,-88,G331青富阿一标四工区桥涵队-马旭光面店,高治国,付豆腐、面条、馒头款,已入账,2021/10/23 10:32
2021/9/26,支出,机械物料,修理费,银行卡1699,-560,G331青富阿一标四工区桥涵队-青河凌翔机电修理部,高治国,购防冻液、机油等款,已入账,2021/10/23 10:32
2021/9/25,支出,日常运营,生活用品,银行卡1699,-349,G331青富阿一标四工区桥涵队-青河胜龙家居,高治国,购劳保鞋、鞋垫、电热毯、帽子等款（2套）,已入账,2021/10/23 10:28
2021/9/25,支出,日常运营,伙食费,银行卡1699,-122,G331青富阿一标四工区桥涵队-马旭光面店,高治国,付面条、馒头款,已入账,2021/10/23 10:25
2021/9/25,支出,日常运营,伙食费,银行卡1699,-154.9,G331青富阿一标四工区桥涵队-青河惠华时代购物超市,高治国,付蔬菜食品一批,已入账,2021/10/23 10:25
2021/9/25,支出,人工支出,工人借支,银行卡1699,-500,G331青富阿一标四工区桥涵队-,高治国,付张五权借支500元,已入账,2021/10/23 10:24
2021/9/25,支出,机械物料,周转材料,银行卡1699,-1000,G331青富阿一标四工区桥涵队-青河废品站,高治国,付十字扣件285个,已入账,2021/10/23 10:23
2021/9/24,支出,机械物料,工机具,银行卡1699,-3139,G331青富阿一标四工区桥涵队-青河众信五金超市,高治国,付电线、电镐2把、炭火炉等机具材料一批,已入账,2021/10/23 10:22
2021/9/24,支出,日常运营,伙食费,银行卡1699,-36,G331青富阿一标四工区桥涵队-马旭光面店,高治国,付面条款,已入账,2021/10/23 10:20
2021/9/24,支出,日常运营,伙食费,银行卡1699,-275,G331青富阿一标四工区桥涵队-,高治国,付蔬菜食品等一批,已入账,2021/10/23 10:20
2021/9/24,支出,日常运营,生活用品,银行卡1699,-2845,G331青富阿一标四工区桥涵队-青河胜龙家居,高治国,付棉服22件，棉被19床,已入账,2021/10/23 10:19
2021/9/24,支出,日常运营,伙食费,银行卡1699,-78,G331青富阿一标四工区桥涵队-青河湘富食品粮油蔬菜店,高治国,付蔬菜等一批,已入账,2021/10/23 10:18
2021/9/24,支出,机械物料,周转材料,银行卡1699,-5760,G331青富阿一标四工区桥涵队-青河申景平,高治国,付6米钢管64根,已入账,2021/10/23 10:17
2021/9/24,支出,日常运营,伙食费,银行卡1699,-100,G331青富阿一标四工区桥涵队-,高治国,购猪肉等肉食,已入账,2021/10/23 10:16
2021/9/24,支出,机械物料,二三项料,银行卡1699,-6044,G331青富阿一标四工区桥涵队-青河腾博建材,高治国,付木方280根，大板50张,已入账,2021/10/23 10:16
2021/9/23,支出,日常运营,伙食费,银行卡1699,-282,G331青富阿一标四工区桥涵队-,高治国,王等4人餐费,已入账,2021/10/23 10:15
2021/9/23,支出,日常运营,车辆维修租赁,银行卡1699,-1700,G331青富阿一标四工区桥涵队-青河汇众汽修厂,高治国,付C37面包车保养修理费、皮卡车加机油、换防冻液等款,已入账,2021/10/23 10:00
2021/9/23,支出,机械物料,机械租赁,银行卡1699,-500,G331青富阿一标四工区桥涵队-青河吊车梁永刚,高治国,付吊车卸钢波纹管一车使用费,已入账,2021/10/23 9:59
2021/9/23,支出,日常运营,伙食费,银行卡1699,-516,G331青富阿一标四工区桥涵队-青河湘富食品粮油蔬菜店,高治国,付购蔬菜、猪肉等一批,已入账,2021/10/23 9:45
2021/9/23,支出,日常运营,伙食费,银行卡1699,-166,G331青富阿一标四工区桥涵队-马旭光面店,高治国,付面条、馒头、豆腐等款,已入账,2021/10/23 9:37
2021/9/22,支出,机械物料,工机具,银行卡1699,-1000,G331青富阿一标四工区桥涵队-青河众信五金超市,高治国,付碘钨灯、电镐头等机具、电料款,已入账,2021/10/23 9:32
2021/9/22,支出,日常运营,燃气费,银行卡1699,-115,G331青富阿一标四工区桥涵队-青河液化气站,高治国,付换液化气瓶款,已入账,2021/10/23 9:30
2021/9/22,支出,机械物料,运费,银行卡1699,-100,G331青富阿一标四工区桥涵队-青河货场,高治国,付货运发电机运费,已入账,2021/10/23 9:29
2021/9/22,支出,日常运营,伙食费,银行卡1699,-82,G331青富阿一标四工区桥涵队-,高治国,付蔬菜、豆角、白菜等款,已入账,2021/10/23 9:27
2021/9/22,支出,日常运营,伙食费,银行卡1699,-150,G331青富阿一标四工区桥涵队-青河湘富食品粮油蔬菜店,高治国,付米、油、调料、榨菜等款,已入账,2021/10/23 9:26
2021/9/22,支出,日常运营,伙食费,银行卡1699,-36,G331青富阿一标四工区桥涵队-马旭光面店,高治国,付面条款,已入账,2021/10/23 9:26
2021/9/21,支出,日常运营,生活用品,银行卡1699,-140,G331青富阿一标四工区桥涵队-,高治国,中秋节工人洗澡费用,已入账,2021/10/22 23:43
2021/9/21,支出,日常运营,伙食费,银行卡1699,-60,G331青富阿一标四工区桥涵队-马旭光面店,高治国,付面条款,已入账,2021/10/22 23:42
2021/9/21,支出,办公费用,房租水电物管,银行卡1699,-100,G331青富阿一标四工区桥涵队-国家电网,高治国,驻地房屋交电费,已入账,2021/10/22 23:42
2021/9/21,支出,日常运营,车辆维修租赁,银行卡1699,-35,G331青富阿一标四工区桥涵队-,高治国,车辆洗车费,已入账,2021/10/22 23:41
2021/9/21,支出,日常运营,生活用品,银行卡1699,-160,G331青富阿一标四工区桥涵队-,高治国,中秋节工人洗澡费用,已入账,2021/10/22 23:40
2021/9/21,支出,人工支出,工人借支,银行卡1699,-500,G331青富阿一标四工区桥涵队-,高治国,赵可借支500元,已入账,2021/10/22 23:40
2021/9/21,支出,机械物料,二三项料,银行卡1699,-88,G331青富阿一标四工区桥涵队-青河腾博建材,高治国,袋装水泥4袋,已入账,2021/10/22 23:39
2021/9/20,支出,办公费用,招待费,银行卡1699,-250,G331青富阿一标四工区桥涵队-,高治国,付招待烟1条（工区王新贵）,已入账,2021/10/22 23:36
2021/9/20,支出,办公费用,招待费,银行卡1699,-931,G331青富阿一标四工区桥涵队-,高治国,付招待烟4条（刘总监、工区包国峰）,已入账,2021/10/22 23:35
2021/9/20,支出,办公费用,招待费,银行卡1699,-400,G331青富阿一标四工区桥涵队-,高治国,付招待烟2条（项目邓总）,已入账,2021/10/22 23:34
2021/9/19,支出,机械物料,机械租赁,银行卡1699,-2800,G331青富阿一标四工区桥涵队-青河吊车梁永刚,高治国,付吊车浇筑箱涵顶板混凝土使用台班费,已入账,2021/10/22 23:32
2021/9/18,支出,机械物料,机械租赁,银行卡1699,-800,G331青富阿一标四工区桥涵队-青河吊车梁永刚,高治国,付吊车卸钢筋机械租赁费,已入账,2021/10/22 23:31
2021/9/18,支出,机械物料,工机具,银行卡1699,-1906,G331青富阿一标四工区桥涵队-青河众信五金超市,高治国,付三相振动棒、电线、沥青漆等机具材料款,已入账,2021/10/22 23:31
2021/9/18,支出,日常运营,车辆维修租赁,银行卡1699,-1000,G331青富阿一标四工区桥涵队-,高治国,付交警违章处罚（马逢明）,已入账,2021/10/22 23:28
2021/9/17,支出,办公费用,差旅费,银行卡1699,-220,G331青富阿一标四工区桥涵队-青河新华酒店,高治国,付3人洗澡住宿费用,已入账,2021/10/22 23:25
2021/9/16,支出,人工支出,工人借支,银行卡1699,-500,G331青富阿一标四工区桥涵队-,高治国,付汤旭东借支500元,已入账,2021/10/22 23:24
2021/9/16,支出,人工支出,工人借支,银行卡1699,-2000,G331青富阿一标四工区桥涵队-,高治国,付冯学民、赵凤堂离场回程路费借支每人各1000元,已入账,2021/10/22 23:23
2021/9/16,支出,机械物料,周转材料,银行卡1699,-4500,G331青富阿一标四工区桥涵队-青河申景平,高治国,付6米钢管50根,已入账,2021/10/22 23:18
2021/9/16,支出,日常运营,伙食费,银行卡1699,-82,G331青富阿一标四工区桥涵队-马旭光面店,高治国,付面条、馒头等食品款,已入账,2021/10/22 23:17
2021/9/16,支出,日常运营,车辆燃油费（汽油）,银行卡1699,-506,G331青富阿一标四工区桥涵队-中石油阿勒泰销售公司,高治国,付车辆加油款,已入账,2021/10/22 23:16
2021/9/15,支出,日常运营,车辆燃油费（汽油）,银行卡1699,-130,G331青富阿一标四工区桥涵队-中石油阿勒泰销售公司,高治国,付C37面包车加油款,已入账,2021/10/22 23:15
2021/9/15,支出,日常运营,车辆燃油费（汽油）,银行卡1699,-344,G331青富阿一标四工区桥涵队-中石油阿勒泰销售公司,高治国,付五菱宏光面包车加油款,已入账,2021/10/22 23:15
2021/9/15,支出,日常运营,邮寄费,银行卡1699,-103,G331青富阿一标四工区桥涵队-京东快递,高治国,付快递运费,已入账,2021/10/22 23:14
2021/9/15,支出,机械物料,机械租赁,银行卡1699,-7900,G331青富阿一标四工区桥涵队-清河荣盛机械租赁公司,高治国,付卡特320挖机租赁费（4天）,已入账,2021/10/22 23:13
2021/9/15,支出,机械物料,二三项料,银行卡1699,-3360,G331青富阿一标四工区桥涵队-青河腾博建材,高治国,付松木方120根，大板20张,已入账,2021/10/22 23:11
2021/9/13,支出,机械物料,机械租赁,银行卡1699,-1000,G331青富阿一标四工区桥涵队-青河吊车梁永刚,高治国,付吊车使用卸钢筋费用,已入账,2021/10/22 23:09
2021/9/13,支出,日常运营,伙食费,银行卡1699,-93,G331青富阿一标四工区桥涵队-青河湘富食品粮油蔬菜店,高治国,付粮油、蔬菜等食品款,已入账,2021/10/22 23:08
2021/9/12,支出,机械物料,周转材料,银行卡1699,-10800,G331青富阿一标四工区桥涵队-青河申景平,高治国,付6米钢管120根,已入账,2021/10/22 23:07
2021/9/12,支出,机械物料,工机具,银行卡1699,-1800,G331青富阿一标四工区桥涵队-,高治国,付汽油发电机、电焊机款（王建）,已入账,2021/10/22 23:05
2021/9/12,支出,机械物料,二三项料,银行卡1699,-400,G331青富阿一标四工区桥涵队-青河众信五金超市,高治国,付防腐沥青漆和松香水共8桶,已入账,2021/10/22 23:03
2021/9/12,支出,日常运营,车辆燃油费（汽油）,银行卡1699,-221,G331青富阿一标四工区桥涵队-中石油阿勒泰销售公司,高治国,付车辆加油款（王建）,已入账,2021/10/22 23:02
2021/9/11,支出,机械物料,机械租赁,银行卡1699,-500,G331青富阿一标四工区桥涵队-青河20吨随车吊周小娃,高治国,付20吨随车吊卸钢筋使用费,已入账,2021/10/22 22:59
2021/9/11,支出,日常运营,车辆燃油费（汽油）,银行卡1699,-194,G331青富阿一标四工区桥涵队-中石油阿勒泰销售公司,高治国,付C37面包车加油款,已入账,2021/10/22 22:56
2021/9/10,支出,日常运营,车辆燃油费（汽油）,银行卡1699,-341,G331青富阿一标四工区桥涵队-中石油阿勒泰销售公司,高治国,付车辆加油款,已入账,2021/10/22 22:55
2021/9/10,支出,机械物料,二三项料,银行卡1699,-157,G331青富阿一标四工区桥涵队-青河废品站,高治国,付钢板款（35cm*4.5）,已入账,2021/10/22 22:54
2021/9/10,支出,办公费用,招待费,银行卡1699,-292,G331青富阿一标四工区桥涵队-,高治国,招待工区包国峰等4人就餐款,已入账,2021/10/22 22:53
2021/9/9,支出,办公费用,招待费,银行卡1699,-502,G331青富阿一标四工区桥涵队-,高治国,招待工人（任灶民）等7人就餐费,已入账,2021/10/22 22:51
2021/9/9,支出,日常运营,邮寄费,银行卡1699,-200,G331青富阿一标四工区桥涵队-青河货场,高治国,付货场提货运费,已入账,2021/10/22 22:49
2021/9/9,支出,机械物料,机械租赁,银行卡1699,-1700,G331青富阿一标四工区桥涵队-,高治国,付随车吊浇筑箱涵混凝土机械租赁费,已入账,2021/10/22 22:48
2021/9/9,支出,日常运营,伙食费,银行卡1699,-65,G331青富阿一标四工区桥涵队-青河湘富食品粮油蔬菜店,高治国,购调料等食品款,已入账,2021/10/22 22:30
2021/9/8,支出,机械物料,周转材料,银行卡1699,-4872,G331青富阿一标四工区桥涵队-青河众信五金超市,高治国,付顶丝200个，转向扣件60个，扎丝50包等,已入账,2021/10/22 22:29
2021/9/7,支出,日常运营,车辆燃油费（汽油）,银行卡1699,-268.2,G331青富阿一标四工区桥涵队-中石油阿勒泰销售公司,高治国,付车辆加油款,已入账,2021/10/22 22:27
2021/9/7,支出,日常运营,生活用品,银行卡1699,-315,G331青富阿一标四工区桥涵队-,高治国,付工人拉肚子医药费等,已入账,2021/10/22 22:27
2021/9/7,支出,日常运营,车辆燃油费（汽油）,银行卡1699,-245,G331青富阿一标四工区桥涵队-中石油阿勒泰销售公司,高治国,付车辆加油款,已入账,2021/10/22 22:26
2021/9/7,支出,机械物料,周转材料,银行卡1699,-2240,G331青富阿一标四工区桥涵队-青河申景平,高治国,付6米架管25根,已入账,2021/10/22 22:25
2021/9/6,支出,机械物料,周转材料,银行卡1699,-1053,G331青富阿一标四工区桥涵队-青河众信五金超市,高治国,付3*￥电缆线22米，胶布、对拉丝、16#PVC线管等,已入账,2021/10/22 22:23
2021/9/6,支出,日常运营,伙食费,银行卡1699,-60,G331青富阿一标四工区桥涵队-青河湘富食品粮油蔬菜店,,购食品等款,已入账,2021/10/22 22:21
2021/9/6,支出,办公费用,招待费,银行卡1699,-168,G331青富阿一标四工区桥涵队-,高治国,高治国、牛振、王3人餐饮费,已入账,2021/10/22 22:19
2021/9/6,支出,办公费用,交通费,银行卡1699,-200,G331青富阿一标四工区桥涵队-,高治国,青河-乌市车费,已入账,2021/10/22 22:19
2021/9/6,支出,日常运营,生活用品,银行卡1699,-108,G331青富阿一标四工区桥涵队-,高治国,付生活饮水、零食等款,已入账,2021/10/22 22:17
2021/9/5,支出,办公费用,招待费,银行卡1699,-700,G331青富阿一标四工区桥涵队-,高治国,牛振、徐博等住宿、餐饮、烟2条和招待费2次,已入账,2021/10/22 22:14
2021/9/5,支出,日常运营,生活用品,银行卡1699,-310,G331青富阿一标四工区桥涵队-,高治国,医院看病治疗费（徐博）,已入账,2021/10/22 22:13
2021/9/5,支出,机械物料,工机具,银行卡1699,-190,G331青富阿一标四工区桥涵队-,高治国,M14紧固器19个（徐博）,已入账,2021/10/22 22:12
2021/9/5,支出,日常运营,车辆燃油费（汽油）,银行卡1699,-350,G331青富阿一标四工区桥涵队-中石油阿勒泰销售公司,高治国,C37面包车加油2次（徐博）,已入账,2021/10/22 22:10
2021/9/5,支出,机械物料,二三项料,银行卡1699,-260,G331青富阿一标四工区桥涵队-青河顺和五金,高治国,付水泥垫块（10包）款,已入账,2021/10/22 20:15
2021/9/5,支出,机械物料,工机具,银行卡1699,-341,G331青富阿一标四工区桥涵队-青河众信五金超市,高治国,付工机具（切割片等）材料一批,已入账,2021/10/22 20:13
2021/9/4,支出,日常运营,伙食费,银行卡1699,-66,G331青富阿一标四工区桥涵队-,高治国,付王等3人餐费,已入账,2021/10/22 20:12
2021/9/4,支出,机械物料,周转材料,银行卡1699,-2245,G331青富阿一标四工区桥涵队-青河申景平,高治国,付2.5架管42根，1.3米架管12根，脚手架2副,已入账,2021/10/22 20:11
2021/9/4,支出,机械物料,周转材料,银行卡1699,-2120,G331青富阿一标四工区桥涵队-青河众信五金超市,高治国,付顶丝188个，拉紧器20个，扇型扣200个,已入账,2021/10/22 20:10
2021/9/4,支出,办公费用,通信费,银行卡1699,-300,G331青富阿一标四工区桥涵队-,高治国,付网络宽带和高治国电话费,已入账,2021/10/22 20:08
2021/9/4,支出,办公费用,交通费,银行卡1699,-432,G331青富阿一标四工区桥涵队-,高治国,付杨玉喜等2人自库车-乌市路费,已入账,2021/10/22 20:07
2021/9/3,支出,人工支出,工人借支,银行卡1699,-1000,G331青富阿一标四工区桥涵队-,高治国,付张五权借支,已入账,2021/10/22 20:05
2021/9/3,支出,日常运营,车辆燃油费（汽油）,银行卡1699,-200,G331青富阿一标四工区桥涵队-中石油阿勒泰销售公司,高治国,付车辆加油款,已入账,2021/10/22 20:04
2021/9/3,支出,机械物料,周转材料,银行卡1699,-5680,G331青富阿一标四工区桥涵队-青河申景平,高治国,付架管80根，十字扣件260个，顶丝68个，直接扣件100个，转扣17个,已入账,2021/10/22 20:02
2021/9/3,支出,机械物料,二三项料,银行卡1699,-115,G331青富阿一标四工区桥涵队-青河顺和五金,,付3.2#焊条1件,已入账,2021/10/22 19:56
2021/9/3,支出,日常运营,伙食费,银行卡1699,-27,G331青富阿一标四工区桥涵队-,高治国,付餐费,已入账,2021/10/22 19:55
2021/9/1,支出,机械物料,二三项料,银行卡1699,-630,G331青富阿一标四工区桥涵队-青河顺和五金,高治国,付试压模、铁丝、扎丝钩等材料工具款,已入账,2021/10/22 19:28
2021/9/1,支出,机械物料,周转材料,银行卡1699,-11480,G331青富阿一标四工区桥涵队-青河腾博建材,高治国,付6米钢管121根,已入账,2021/10/22 19:25
2021/9/1,支出,机械物料,二三项料,银行卡1699,-520,G331青富阿一标四工区桥涵队-青河顺和五金,高治国,付五金机具等材料（扎丝）一批,已入账,2021/10/22 19:18
2021/9/1,支出,日常运营,车辆燃油费（汽油）,银行卡1699,-220,G331青富阿一标四工区桥涵队-中石油阿勒泰销售公司,高治国,付C37面包车加油款,已入账,2021/10/22 19:17
2021/9/1,支出,日常运营,伙食费,银行卡1699,-64,G331青富阿一标四工区桥涵队-马旭光面店,高治国,购馒头、面条等款,已入账,2021/10/22 19:16
2021/8/31,支出,日常运营,生活用品,银行卡1699,-241,G331青富阿一标四工区桥涵队-,高治国,付购零食等生活用品款,已入账,2021/10/22 19:14
2021/8/30,支出,办公费用,招待费,银行卡1699,-952,G331青富阿一标四工区桥涵队-,高治国,招待工区项目部人员餐费,已入账,2021/10/22 15:33
2021/8/29,支出,机械物料,修理费,银行卡1699,-160,G331青富阿一标四工区桥涵队-乌鲁木齐顶峰电动工具商行,高治国,付购料斗配钢丝绳2条款,已入账,2021/10/22 19:09
2021/8/29,支出,日常运营,车辆燃油费（汽油）,银行卡1699,-270,G331青富阿一标四工区桥涵队-,高治国,付王建乌市-青河皮卡车加油款,已入账,2021/10/22 19:02
2021/8/29,支出,办公费用,交通费,银行卡1699,-348,G331青富阿一标四工区桥涵队-,高治国,付王建到乌市接车、接人过路费、车费,已入账,2021/10/22 19:01
2021/8/29,支出,日常运营,车辆燃油费（汽油）,银行卡1699,-568.5,G331青富阿一标四工区桥涵队-中石油阿勒泰销售公司,高治国,付车辆加汽油款,已入账,2021/10/22 15:24
2021/8/29,支出,机械物料,工机具,银行卡1699,-91.5,G331青富阿一标四工区桥涵队-青河顺和五金,高治国,付五金工具款,已入账,2021/10/22 15:23
2021/8/29,支出,日常运营,伙食费,银行卡1699,-230,G331青富阿一标四工区桥涵队-青河湘富食品粮油蔬菜店,高治国,购菜油、蔬菜、面条、馒头等,已入账,2021/10/22 15:22
2021/8/29,支出,机械物料,周转材料,银行卡1699,-2345,G331青富阿一标四工区桥涵队-青河废品站,高治国,付钢管、顶丝、扣件等款,已入账,2021/10/22 15:21
2021/8/25,支出,日常运营,生活用品,银行卡1699,-60,G331青富阿一标四工区桥涵队-,高治国,高治国核酸检测费,已入账,2021/10/22 18:56
2021/8/25,支出,机械物料,二三项料,银行卡1699,-700,G331青富阿一标四工区桥涵队-乌鲁木齐新联市场标准件,高治国,付止水带款（5卷*140元/卷）,已入账,2021/10/22 18:54
2021/8/25,支出,办公费用,差旅费,银行卡1699,-665,G331青富阿一标四工区桥涵队-,高治国,付高治国等3人西安-青河住宿、餐饮等差旅费,已入账,2021/10/22 15:19
2021/8/25,支出,办公费用,交通费,银行卡1699,-992,G331青富阿一标四工区桥涵队-,高治国,付高治国等3人西安-青河开车过路费,已入账,2021/10/22 15:19
2021/8/25,支出,日常运营,车辆燃油费（汽油）,银行卡1699,-1401,G331青富阿一标四工区桥涵队-,高治国,付高治国等3人西安-青河开车燃油费,已入账,2021/10/22 15:18
2021/8/24,支出,办公费用,差旅费,银行卡1699,-215,G331青富阿一标四工区桥涵队-,高治国,付高治国西安发生差旅费等,已入账,2021/10/22 15:17
2021/8/23,支出,机械物料,修理费,银行卡1699,-1200,G331青富阿一标四工区桥涵队-乌鲁木齐华凌市场发电机售后,高治国,付柴油发电机返厂维修更换电机款,已入账,2021/10/22 18:50
2021/8/22,支出,办公费用,差旅费,银行卡1699,-395,G331青富阿一标四工区桥涵队-,高治国,付高治国乌市住宿、餐饮等款,已入账,2021/10/22 15:16
2021/8/22,支出,办公费用,交通费,银行卡1699,-784,G331青富阿一标四工区桥涵队-,高治国,付高治国乌市-西安机票款,已入账,2021/10/22 15:15
2021/8/22,支出,办公费用,交通费,银行卡1699,-238,G331青富阿一标四工区桥涵队-,高治国,付高治国青河-乌市交通费,已入账,2021/10/22 15:15
2021/8/20,支出,办公费用,招待费,银行卡1699,-535,G331青富阿一标四工区桥涵队-,高治国,付高治国购烟2条,已入账,2021/10/22 18:46
2021/8/20,支出,办公费用,差旅费,银行卡1699,-300,G331青富阿一标四工区桥涵队-,高治国,付住宿费,已入账,2021/10/22 15:13
2021/8/20,支出,日常运营,车辆燃油费（汽油）,银行卡1699,-178,G331青富阿一标四工区桥涵队-中石油阿勒泰销售公司,高治国,C37面包车加汽油,已入账,2021/10/22 15:12
2021/8/20,支出,日常运营,伙食费,银行卡1699,-78,G331青富阿一标四工区桥涵队-马旭光面店,高治国,面条、馒头,已入账,2021/10/22 15:12
2021/8/20,支出,日常运营,邮寄费,银行卡1699,-120,G331青富阿一标四工区桥涵队-青河货场,高治国,付返厂维修发电机运费,已入账,2021/10/22 15:11
2021/8/20,支出,日常运营,伙食费,银行卡1699,-26,G331青富阿一标四工区桥涵队-,高治国,付桶装水2桶等款,已入账,2021/10/22 15:09
2021/8/20,支出,机械物料,工机具,银行卡1699,-700,G331青富阿一标四工区桥涵队-青河昌达五金机电商店,高治国,付五金机具材料一批,已入账,2021/10/22 15:08
2021/8/20,支出,办公费用,通信费,银行卡1699,-280,G331青富阿一标四工区桥涵队-,高治国,办理移动宽带业务费,已入账,2021/10/22 15:08
2021/8/20,支出,日常运营,车辆燃油费（汽油）,银行卡1699,-271,G331青富阿一标四工区桥涵队-,,小货车加汽油,已入账,2021/10/22 15:07
2021/8/17,支出,办公费用,办公用品,银行卡1699,-153,G331青富阿一标四工区桥涵队-,高治国,购油性笔、订书机、碘酒、信签纸、中性笔等办公文具,已入账,2021/10/22 15:06
2021/8/16,支出,机械物料,工机具,银行卡1699,-450,G331青富阿一标四工区桥涵队-青河顺和五金,高治国,付五金机具材料等款,已入账,2021/10/22 15:04
2021/8/16,支出,日常运营,车辆燃油费（汽油）,银行卡1699,-172,G331青富阿一标四工区桥涵队-中石油阿勒泰销售公司,,C37面包车加油款,已入账,2021/10/22 15:04
2021/8/16,支出,日常运营,伙食费,银行卡1699,-77,G331青富阿一标四工区桥涵队-,高治国,购大蒜、葱姜、玉米珍等,已入账,2021/10/22 15:03
2021/8/16,支出,办公费用,房租水电物管,银行卡1699,-1000,G331青富阿一标四工区桥涵队-国家电网,高治国,预缴三相电电费1000元,已入账,2021/10/22 15:02
2021/8/16,支出,日常运营,生活用品,银行卡1699,-142,G331青富阿一标四工区桥涵队-,高治国,付药店购测温枪、酒精、口罩等款,已入账,2021/10/22 15:01
2021/8/15,支出,机械物料,工机具,银行卡1699,-2095,G331青富阿一标四工区桥涵队-青河顺和五金,高治国,付五金机具电料等一批,已入账,2021/10/22 15:00
2021/8/15,支出,机械物料,工机具,银行卡1699,-170,G331青富阿一标四工区桥涵队-青河昌达五金机电商店,高治国,付五金电料材料款,已入账,2021/10/22 14:59
2021/8/15,支出,日常运营,邮寄费,银行卡1699,-15,G331青富阿一标四工区桥涵队-青河货场,高治国,货场取件货运费,已入账,2021/10/22 14:58
2021/8/15,支出,日常运营,车辆燃油费（汽油）,银行卡1699,-264.8,G331青富阿一标四工区桥涵队-中石油阿勒泰销售公司,高治国,小货车加汽油,已入账,2021/10/22 14:57
2021/8/15,支出,日常运营,伙食费,银行卡1699,-33,G331青富阿一标四工区桥涵队-马旭光面店,高治国,面条,已入账,2021/10/22 14:56
2021/8/14,支出,日常运营,生活用品,银行卡1699,-227,G331青富阿一标四工区桥涵队-,高治国,购生活用品一批（洗衣粉、床单、被罩、鞋垫等）,已入账,2021/10/22 18:28
2021/8/14,支出,机械物料,工机具,银行卡1699,-270,G331青富阿一标四工区桥涵队-青河顺和五金,高治国,付五金工机具一批（插头、插排等）,已入账,2021/10/22 14:56
2021/8/14,支出,机械物料,周转材料,银行卡1699,-4457,G331青富阿一标四工区桥涵队-青河废品站,高治国,付57根架管款,已入账,2021/10/22 12:55
2021/8/13,支出,办公费用,办公用品,银行卡1699,-150,G331青富阿一标四工区桥涵队-乌鲁木齐诚信试验仪器,高治国,购塌落度桶一套,已入账,2021/10/22 18:25
2021/8/13,支出,日常运营,伙食费,银行卡1699,-28,G331青富阿一标四工区桥涵队-马旭光面店,高治国,购面条款,已入账,2021/10/22 12:54
2021/8/13,支出,机械物料,工机具,银行卡1699,-490,G331青富阿一标四工区桥涵队-青河昌达五金机电商店,高治国,付五金机具一批,已入账,2021/10/22 12:53
2021/8/13,支出,日常运营,车辆燃油费（汽油）,银行卡1699,-204,G331青富阿一标四工区桥涵队-中石油阿勒泰销售公司,高治国,付C37面包车加油款,已入账,2021/10/22 12:52
2021/8/12,支出,办公费用,办公用品,银行卡1699,-90,G331青富阿一标四工区桥涵队-青河昌达五金机电商店,,付试压块模具款9个,已入账,2021/10/22 12:51
2021/8/12,支出,办公费用,通信费,银行卡1699,-200,G331青富阿一标四工区桥涵队-,,付岳父电话费,已入账,2021/10/22 12:50
2021/8/12,支出,日常运营,车辆燃油费（汽油）,银行卡1699,-253,G331青富阿一标四工区桥涵队-,,付小货车加油款,已入账,2021/10/22 12:49
2021/8/12,支出,机械物料,二三项料,银行卡1699,-375,G331青富阿一标四工区桥涵队-青河腾博建材,,付方木50根,已入账,2021/10/22 12:48
2021/8/10,支出,机械物料,周转材料,银行卡1699,-1397,G331青富阿一标四工区桥涵队-青河废品站,,付钢管77根、铁皮3张,已入账,2021/10/22 12:43
2021/8/10,支出,办公费用,房租水电物管,银行卡1699,-333,G331青富阿一标四工区桥涵队-,,付房东克孜尔电费,已入账,2021/10/22 12:42
2021/8/9,支出,机械物料,机械租赁,银行卡1699,-500,G331青富阿一标四工区桥涵队-,高治国,付随车吊卸钢筋款,已入账,2021/10/22 18:21
2021/8/9,支出,日常运营,车辆燃油费（汽油）,银行卡1699,-505,G331青富阿一标四工区桥涵队-中石油阿勒泰销售公司,,付汽油桶、小货车加油款,已入账,2021/10/22 12:41
2021/8/9,支出,机械物料,工机具,银行卡1699,-356,G331青富阿一标四工区桥涵队-青河昌达五金机电商店,,购工机具一批,已入账,2021/10/22 12:40
2021/8/9,支出,机械物料,工机具,银行卡1699,-200,G331青富阿一标四工区桥涵队-青河废品站,高治国,购塑料柴油桶2个,已入账,2021/10/22 12:36
2021/8/9,支出,办公费用,招待费,银行卡1699,-448,G331青富阿一标四工区桥涵队-,,付3人晚就餐招待费,已入账,2021/10/22 12:35
2021/8/8,支出,机械物料,运费,银行卡1699,-2800,G331青富阿一标四工区桥涵队-,,付乌市-青河模板、方木、架管货车运费,已入账,2021/10/22 12:34
2021/8/7,支出,日常运营,生活用品,银行卡1699,-103,G331青富阿一标四工区桥涵队-,,瓶装矿泉水3件,已入账,2021/10/22 12:32
2021/8/7,支出,机械物料,机械租赁,银行卡1699,-1200,G331青富阿一标四工区桥涵队-,,14吨随车吊卸钢筋,已入账,2021/10/22 12:31
2021/8/7,支出,日常运营,生活用品,银行卡1699,-61,G331青富阿一标四工区桥涵队-,,烟酒款,已入账,2021/10/22 12:30
2021/8/7,支出,机械物料,燃油费（柴油）,银行卡1699,-1308,G331青富阿一标四工区桥涵队-,,机械加油200L油桶,已入账,2021/10/22 12:29
2021/8/6,支出,日常运营,车辆燃油费（汽油）,银行卡1699,-986.6,G331青富阿一标四工区桥涵队-,,5人拜城-青河车辆燃油费,已入账,2021/10/22 12:28
2021/8/6,支出,办公费用,交通费,银行卡1699,-372,,,5人拜城-青河过路费,已入账,2021/10/22 12:27
2021/8/6,支出,办公费用,交通费,银行卡1699,-835,G331青富阿一标四工区桥涵队-,高治国,5人拜城-青河住宿、餐费,已入账,2021/10/22 12:26
2021/8/5,支出,日常运营,车辆维修租赁,银行卡1699,-282,G331青富阿一标四工区桥涵队-,高治国,C37面包车换轮胎、刹车、洗车等,已入账,2021/10/22 12:19
